sub_id,trial,img,illum,rg,by,lighter_darker,bkgd,mean_l,mean_a,mean_b,max_l,max_a,max_b,mean_ratio_l,mean_ratio_m,mean_ratio_s,std_ratio_l,std_ratio_m,std_ratio_s,lrc,redness,wpld,wprg,wpyv,gwld,gwrg,gwyv,gwl,gwa,gwb,hv,mean_cone_l,mean_cone_m,mean_cone_s,sd_cone_l,sd_cone_m,sd_cone_s,rmc_l,rmc_m,rmc_s,rsd_l,rsd_m,rsd_s,wpL,wpA,wpB
02,1,1,red,1,2,lighter,voronoi_green,40.0141065,-23.1459353,0.9651267,47.3948663,-26.6858104,2.0788399,0.2541338,0.3002799,0.2282259,0.2544942,0.3011919,0.2286827,0.23821,-0.3476,0.5208,0.077882,-0.48648,-0.93213,-0.05759,-0.044478,15.8444,-30.8237,11.3851,0.023273,0.0062325,0.0068822,0.0013424,0.012457,0.013112,0.0028739,0.47881,0.58704,0.29919,0.8018,0.98108,0.52748,89.8778,-4.6547,18.8289
02,2,1,red,1,2,lighter,voronoi_green,51.2332824,-28.4476057,2.9386933,60.0955245,-32.7588089,4.4868420,0.4395244,0.5181134,0.3760529,0.4402966,0.5199397,0.3770052,0.23821,-0.3476,0.5208,0.077882,-0.48648,-0.93213,-0.05759,-0.044478,15.8444,-30.8237,11.3851,0.023273,0.0062325,0.0068822,0.0013424,0.012457,0.013112,0.0028739,0.47881,0.58704,0.29919,0.8018,0.98108,0.52748,89.8778,-4.6547,18.8289
02,3,1,red,1,2,lighter,voronoi_green,39.4409367,-21.0726330,4.3622045,46.7513624,-24.2748825,5.8687885,0.2485160,0.2861161,0.1976998,0.2490430,0.2872471,0.1983461,0.23821,-0.3476,0.5208,0.077882,-0.48648,-0.93213,-0.05759,-0.044478,15.8444,-30.8237,11.3851,0.023273,0.0062325,0.0068822,0.0013424,0.012457,0.013112,0.0028739,0.47881,0.58704,0.29919,0.8018,0.98108,0.52748,89.8778,-4.6547,18.8289
02,4,1,red,1,2,lighter,voronoi_green,25.2594319,-16.3469551,-1.2320459,30.6943254,-18.8803657,-0.6428999,0.1015205,0.1205335,0.0991937,0.1016268,0.1208240,0.0993081,0.23821,-0.3476,0.5208,0.077882,-0.48648,-0.93213,-0.05759,-0.044478,15.8444,-30.8237,11.3851,0.023273,0.0062325,0.0068822,0.0013424,0.012457,0.013112,0.0028739,0.47881,0.58704,0.29919,0.8018,0.98108,0.52748,89.8778,-4.6547,18.8289
02,1,2,red,1,2,lighter,voronoi_green_brighter,40.3178760,-23.3049733,0.9771867,47.7391030,-26.8705938,2.0969403,0.2582712,0.3052274,0.2319078,0.2586577,0.3061950,0.2323937,0.13811,-0.34988,0.55359,-0.039668,-0.53774,-0.88519,-0.10191,-0.082056,23.617,-44.9818,17.7869,0.017743,0.010471,0.011721,0.0019728,0.0147,0.015811,0.0030783,0.56317,0.69208,0.31357,0.77206,0.96507,0.45356,90.6334,-12.0446,20.7234
02,2,2,red,1,2,lighter,voronoi_green_brighter,49.3893385,-27.1249979,3.3873806,58.0081417,-31.2340606,4.9561730,0.4050288,0.4751462,0.3408668,0.4057698,0.4768560,0.3417422,0.13811,-0.34988,0.55359,-0.039668,-0.53774,-0.88519,-0.10191,-0.082056,23.617,-44.9818,17.7869,0.017743,0.010471,0.011721,0.0019728,0.0147,0.015811,0.0030783,0.56317,0.69208,0.31357,0.77206,0.96507,0.45356,90.6334,-12.0446,20.7234
02,3,2,red,1,2,lighter,voronoi_green_brighter,38.7629004,-23.9448426,-1.7850090,45.9755165,-27.6294152,-1.0202335,0.2359037,0.2844991,0.2329601,0.2361203,0.2851814,0.2332017,0.13811,-0.34988,0.55359,-0.039668,-0.53774,-0.88519,-0.10191,-0.082056,23.617,-44.9818,17.7869,0.017743,0.010471,0.011721,0.0019728,0.0147,0.015811,0.0030783,0.56317,0.69208,0.31357,0.77206,0.96507,0.45356,90.6334,-12.0446,20.7234
02,4,2,red,1,2,lighter,voronoi_green_brighter,36.8187321,-22.0607611,-0.3221651,43.7767162,-25.4502426,0.5798414,0.2126286,0.2530146,0.1995111,0.2128682,0.2536977,0.1998057,0.13811,-0.34988,0.55359,-0.039668,-0.53774,-0.88519,-0.10191,-0.082056,23.617,-44.9818,17.7869,0.017743,0.010471,0.011721,0.0019728,0.0147,0.015811,0.0030783,0.56317,0.69208,0.31357,0.77206,0.96507,0.45356,90.6334,-12.0446,20.7234
02,1,3,red,1,4,lighter,voronoi_red,20.0747528,14.1672002,-11.7876583,24.8010186,15.7243754,-12.5540507,0.0759926,0.0685067,0.1075756,0.0757503,0.0680266,0.1071549,-0.047942,-0.27352,0.50625,-0.37725,-0.073328,-0.96528,-0.0070242,0.025847,9.6537,4.3606,-8.8558,0.16825,0.0035727,0.003151,0.0028089,0.0091551,0.0091888,0.005171,0.18429,0.36992,0.39486,0.4121,0.90917,0.65707,89.5392,-23.0364,2.6091
02,2,3,red,1,4,lighter,voronoi_red,23.3249206,13.8959205,-12.4074307,28.4786283,15.3769562,-13.1895022,0.0977887,0.0897571,0.1370021,0.0974856,0.0891808,0.1364818,-0.047942,-0.27352,0.50625,-0.37725,-0.073328,-0.96528,-0.0070242,0.025847,9.6537,4.3606,-8.8558,0.16825,0.0035727,0.003151,0.0028089,0.0091551,0.0091888,0.005171,0.18429,0.36992,0.39486,0.4121,0.90917,0.65707,89.5392,-23.0364,2.6091
02,3,3,red,1,4,lighter,voronoi_red,22.7113257,14.9566789,-12.2211327,27.7856402,16.5955297,-12.9880604,0.0938706,0.0845904,0.1307636,0.0936218,0.0840693,0.1302877,-0.047942,-0.27352,0.50625,-0.37725,-0.073328,-0.96528,-0.0070242,0.025847,9.6537,4.3606,-8.8558,0.16825,0.0035727,0.003151,0.0028089,0.0091551,0.0091888,0.005171,0.18429,0.36992,0.39486,0.4121,0.90917,0.65707,89.5392,-23.0364,2.6091
02,4,3,red,1,4,lighter,voronoi_red,23.1316987,16.0872062,-11.8281975,28.2617070,17.8770783,-12.5394324,0.0975231,0.0862351,0.1324226,0.0972692,0.0857121,0.1319393,-0.047942,-0.27352,0.50625,-0.37725,-0.073328,-0.96528,-0.0070242,0.025847,9.6537,4.3606,-8.8558,0.16825,0.0035727,0.003151,0.0028089,0.0091551,0.0091888,0.005171,0.18429,0.36992,0.39486,0.4121,0.90917,0.65707,89.5392,-23.0364,2.6091
02,1,4,red,1,4,lighter,voronoi_red_brighter,22.2034442,11.8231062,-12.2968991,27.2102618,13.0317197,-13.0862951,0.0888752,0.0837445,0.1267573,0.0885976,0.0832182,0.1262831,-0.11596,-0.29396,0.53822,-0.11731,-0.11325,-0.94322,-0.024184,0.051512,14.3063,2.2351,-13.6851,0.13865,0.0056828,0.0054188,0.0049891,0.011144,0.011687,0.0068257,0.21674,0.44164,0.44729,0.44389,0.94295,0.65175,90.2807,-8.4966,4.0038
02,2,4,red,1,4,lighter,voronoi_red_brighter,22.2937744,10.2410236,-12.4300160,27.3127102,11.2335951,-13.2324999,0.0887892,0.0856395,0.1281289,0.0885393,0.0851562,0.1276651,-0.11596,-0.29396,0.53822,-0.11731,-0.11325,-0.94322,-0.024184,0.051512,14.3063,2.2351,-13.6851,0.13865,0.0056828,0.0054188,0.0049891,0.011144,0.011687,0.0068257,0.21674,0.44164,0.44729,0.44389,0.94295,0.65175,90.2807,-8.4966,4.0038
02,3,4,red,1,4,lighter,voronoi_red_brighter,28.7445440,13.4053097,-13.3155075,34.6104430,14.7755532,-14.1054751,0.1427974,0.1341245,0.1963939,0.1424227,0.1333893,0.1956972,-0.11596,-0.29396,0.53822,-0.11731,-0.11325,-0.94322,-0.024184,0.051512,14.3063,2.2351,-13.6851,0.13865,0.0056828,0.0054188,0.0049891,0.011144,0.011687,0.0068257,0.21674,0.44164,0.44729,0.44389,0.94295,0.65175,90.2807,-8.4966,4.0038
02,4,4,red,1,4,lighter,voronoi_red_brighter,25.9096317,17.0249547,-12.1386978,31.4036226,18.9272268,-12.8376170,0.1198037,0.1057563,0.1596152,0.1194904,0.1051022,0.1590324,-0.11596,-0.29396,0.53822,-0.11731,-0.11325,-0.94322,-0.024184,0.051512,14.3063,2.2351,-13.6851,0.13865,0.0056828,0.0054188,0.0049891,0.011144,0.011687,0.0068257,0.21674,0.44164,0.44729,0.44389,0.94295,0.65175,90.2807,-8.4966,4.0038
02,1,5,green,1,2,darker,voronoi_diff_dist,11.9734448,-12.0859625,-9.3354141,15.6448396,-14.3030893,-9.9553385,0.0307088,0.0402940,0.0503782,0.0306420,0.0402173,0.0502481,0.44065,-0.34318,0.516,-0.59114,-0.41635,-0.9953,-0.0026358,-0.000261,0.69587,-0.59209,-0.59712,0.13141,0.0004547,0.0004542,0.0002161,0.0065854,0.0064238,0.0023601,0.27927,0.32495,0.12547,2.3459,2.6068,0.92609,89.7665,-43.6833,15.8834
02,2,5,green,1,2,darker,voronoi_diff_dist,17.5151283,-12.4533967,-1.1961131,21.9283205,-14.4032485,-0.7410432,0.0545934,0.0643178,0.0537246,0.0546460,0.0644659,0.0537939,0.44065,-0.34318,0.516,-0.59114,-0.41635,-0.9953,-0.0026358,-0.000261,0.69587,-0.59209,-0.59712,0.13141,0.0004547,0.0004542,0.0002161,0.0065854,0.0064238,0.0023601,0.27927,0.32495,0.12547,2.3459,2.6068,0.92609,89.7665,-43.6833,15.8834
02,3,5,green,1,2,darker,voronoi_diff_dist,13.2637318,-9.9704845,-0.2185947,17.1219625,-11.5788906,0.2789790,0.0365710,0.0423177,0.0340407,0.0366512,0.0424547,0.0341107,0.44065,-0.34318,0.516,-0.59114,-0.41635,-0.9953,-0.0026358,-0.000261,0.69587,-0.59209,-0.59712,0.13141,0.0004547,0.0004542,0.0002161,0.0065854,0.0064238,0.0023601,0.27927,0.32495,0.12547,2.3459,2.6068,0.92609,89.7665,-43.6833,15.8834
02,4,5,green,1,2,darker,voronoi_diff_dist,22.7909507,-15.1778613,-1.4359159,27.8991645,-17.5433574,-0.9134201,0.0843905,0.1001863,0.0834754,0.0844727,0.1004127,0.0835531,0.44065,-0.34318,0.516,-0.59114,-0.41635,-0.9953,-0.0026358,-0.000261,0.69587,-0.59209,-0.59712,0.13141,0.0004547,0.0004542,0.0002161,0.0065854,0.0064238,0.0023601,0.27927,0.32495,0.12547,2.3459,2.6068,0.92609,89.7665,-43.6833,15.8834
02,1,6,green,1,2,darker,voronoi_diff_dist_brighter,17.4972307,3.0646536,-0.0056824,21.9096192,3.2489747,0.6031862,0.0588762,0.0563234,0.0506474,0.0589325,0.0563965,0.0506515,0.12054,-0.33962,0.52726,-0.60242,-0.41591,-0.98408,-0.011346,0.014043,4.9332,-2.6208,-7.2225,0.066065,0.0015299,0.0016091,0.0013793,0.0064598,0.0063919,0.0026925,0.10748,0.13271,0.076113,0.35116,0.40324,0.16075,90.0276,-44.1682,15.7754
02,2,6,green,1,2,darker,voronoi_diff_dist_brighter,31.8821730,3.7067469,2.2247570,38.1900649,3.9094685,3.3536128,0.1719937,0.1637832,0.1359896,0.1722480,0.1641323,0.1361952,0.12054,-0.33962,0.52726,-0.60242,-0.41591,-0.98408,-0.011346,0.014043,4.9332,-2.6208,-7.2225,0.066065,0.0015299,0.0016091,0.0013793,0.0064598,0.0063919,0.0026925,0.10748,0.13271,0.076113,0.35116,0.40324,0.16075,90.0276,-44.1682,15.7754
02,3,6,green,1,2,darker,voronoi_diff_dist_brighter,30.5093584,3.7205138,2.0044521,36.6349370,3.9346532,3.0806094,0.1576611,0.1500655,0.1253983,0.1578847,0.1503588,0.1255945,0.12054,-0.33962,0.52726,-0.60242,-0.41591,-0.98408,-0.011346,0.014043,4.9332,-2.6208,-7.2225,0.066065,0.0015299,0.0016091,0.0013793,0.0064598,0.0063919,0.0026925,0.10748,0.13271,0.076113,0.35116,0.40324,0.16075,90.0276,-44.1682,15.7754
02,4,6,green,1,2,darker,voronoi_diff_dist_brighter,29.9354215,3.7187212,1.9053652,35.9854940,3.9312956,2.9602037,0.1519076,0.1445782,0.1211706,0.1521111,0.1448645,0.1213260,0.12054,-0.33962,0.52726,-0.60242,-0.41591,-0.98408,-0.011346,0.014043,4.9332,-2.6208,-7.2225,0.066065,0.0015299,0.0016091,0.0013793,0.0064598,0.0063919,0.0026925,0.10748,0.13271,0.076113,0.35116,0.40324,0.16075,90.0276,-44.1682,15.7754
02,1,7,green,3,1,lighter,voronoi_diff_dist,68.2696644,2.3325248,16.0797130,79.3854958,2.2391784,19.4999167,0.9363696,0.8848281,0.5615747,0.9389010,0.8886973,0.5643202,0.077379,-0.24646,0.5958,0.36313,-1.4321,-0.98908,0.0031491,-0.0034396,2.6377,1.6166,0.1857,0.58987,0.0011787,0.0008666,0.0003831,0.0086156,0.0068135,0.002181,0.62755,0.55302,0.21437,2.9445,2.6846,0.85765,91.5906,-6.2003,73.7937
02,2,7,green,3,1,lighter,voronoi_diff_dist,69.1306228,6.2909177,12.3841120,80.3550210,6.6932437,15.3888496,0.9709179,0.9055035,0.6339254,0.9731701,0.9087768,0.6361104,0.077379,-0.24646,0.5958,0.36313,-1.4321,-0.98908,0.0031491,-0.0034396,2.6377,1.6166,0.1857,0.58987,0.0011787,0.0008666,0.0003831,0.0086156,0.0068135,0.002181,0.62755,0.55302,0.21437,2.9445,2.6846,0.85765,91.5906,-6.2003,73.7937
02,3,7,green,3,1,lighter,voronoi_diff_dist,62.8188936,3.4065723,12.0589451,73.2117196,3.4583637,14.9102146,0.7668322,0.7248450,0.4955145,0.7686419,0.7275673,0.4973419,0.077379,-0.24646,0.5958,0.36313,-1.4321,-0.98908,0.0031491,-0.0034396,2.6377,1.6166,0.1857,0.58987,0.0011787,0.0008666,0.0003831,0.0086156,0.0068135,0.002181,0.62755,0.55302,0.21437,2.9445,2.6846,0.85765,91.5906,-6.2003,73.7937
02,4,7,green,3,1,lighter,voronoi_diff_dist,35.0117815,4.4856790,6.8734272,41.7383464,4.8154776,8.6094635,0.2092961,0.1942902,0.1393007,0.2097929,0.1949800,0.1397688,0.077379,-0.24646,0.5958,0.36313,-1.4321,-0.98908,0.0031491,-0.0034396,2.6377,1.6166,0.1857,0.58987,0.0011787,0.0008666,0.0003831,0.0086156,0.0068135,0.002181,0.62755,0.55302,0.21437,2.9445,2.6846,0.85765,91.5906,-6.2003,73.7937
02,1,8,green,3,1,lighter,voronoi_diff_dist_brighter,11.3149638,-9.9605090,-2.6703006,14.9090896,-11.7504676,-2.5048849,0.0294154,0.0351959,0.0323472,0.0294478,0.0352710,0.0323373,-0.09069,-0.23871,0.59841,0.48586,-1.6133,-0.93276,0.029342,0.0063206,16.3119,12.4002,-5.3711,0.32887,0.0074399,0.0051836,0.0035597,0.013297,0.0096348,0.0037251,0.46252,0.39183,0.1951,0.74282,0.62886,0.23457,91.6493,-2.8819,93.8236
02,2,8,green,3,1,lighter,voronoi_diff_dist_brighter,26.4196807,-1.2497726,-6.6974951,31.9961397,-1.8027485,-6.7350240,0.1159432,0.1225515,0.1342084,0.1158605,0.1224409,0.1339957,-0.09069,-0.23871,0.59841,0.48586,-1.6133,-0.93276,0.029342,0.0063206,16.3119,12.4002,-5.3711,0.32887,0.0074399,0.0051836,0.0035597,0.013297,0.0096348,0.0037251,0.46252,0.39183,0.1951,0.74282,0.62886,0.23457,91.6493,-2.8819,93.8236
02,3,8,green,3,1,lighter,voronoi_diff_dist_brighter,13.6915353,-7.7908306,-1.2880695,17.6017238,-9.0682780,-0.9137317,0.0385787,0.0436582,0.0378989,0.0386295,0.0437583,0.0379325,-0.09069,-0.23871,0.59841,0.48586,-1.6133,-0.93276,0.029342,0.0063206,16.3119,12.4002,-5.3711,0.32887,0.0074399,0.0051836,0.0035597,0.013297,0.0096348,0.0037251,0.46252,0.39183,0.1951,0.74282,0.62886,0.23457,91.6493,-2.8819,93.8236
02,4,8,green,3,1,lighter,voronoi_diff_dist_brighter,19.4508339,-8.1661955,2.6096548,24.1264202,-9.4900241,3.5595552,0.0664569,0.0722192,0.0522764,0.0666060,0.0724769,0.0524081,-0.09069,-0.23871,0.59841,0.48586,-1.6133,-0.93276,0.029342,0.0063206,16.3119,12.4002,-5.3711,0.32887,0.0074399,0.0051836,0.0035597,0.013297,0.0096348,0.0037251,0.46252,0.39183,0.1951,0.74282,0.62886,0.23457,91.6493,-2.8819,93.8236
02,1,9,green,3,4,darker,voronoi_yellow,18.9805987,-2.6047232,2.0804852,23.5910936,-3.1750538,2.9576857,0.0654150,0.0666957,0.0516640,0.0655505,0.0669008,0.0517627,-0.14599,-0.27593,0.53254,-0.29874,-0.14059,-0.9839,-0.0023393,-0.0043429,4.9585,-1.8342,2.0689,0.45513,0.0016432,0.0014174,0.0005933,0.0071188,0.0063936,0.0031981,0.14952,0.17621,0.2331,0.48352,0.56338,0.90849,90.1497,-19.4382,5.0104
02,2,9,green,3,4,darker,voronoi_yellow,22.4765894,-9.6527473,3.3637151,27.5503596,-11.1943712,4.4497657,0.0847596,0.0926037,0.0651118,0.0849498,0.0929598,0.0653329,-0.14599,-0.27593,0.53254,-0.29874,-0.14059,-0.9839,-0.0023393,-0.0043429,4.9585,-1.8342,2.0689,0.45513,0.0016432,0.0014174,0.0005933,0.0071188,0.0063936,0.0031981,0.14952,0.17621,0.2331,0.48352,0.56338,0.90849,90.1497,-19.4382,5.0104
02,3,9,green,3,4,darker,voronoi_yellow,9.5645144,-4.7844914,-0.5606672,12.8951581,-5.7873265,-0.1969203,0.0248279,0.0271748,0.0232643,0.0248642,0.0272489,0.0233053,-0.14599,-0.27593,0.53254,-0.29874,-0.14059,-0.9839,-0.0023393,-0.0043429,4.9585,-1.8342,2.0689,0.45513,0.0016432,0.0014174,0.0005933,0.0071188,0.0063936,0.0031981,0.14952,0.17621,0.2331,0.48352,0.56338,0.90849,90.1497,-19.4382,5.0104
02,4,9,green,3,4,darker,voronoi_yellow,14.3347848,-4.8496047,1.7822627,18.3366224,-5.6932286,2.5392589,0.0420705,0.0445368,0.0337002,0.0421665,0.0446874,0.0337797,-0.14599,-0.27593,0.53254,-0.29874,-0.14059,-0.9839,-0.0023393,-0.0043429,4.9585,-1.8342,2.0689,0.45513,0.0016432,0.0014174,0.0005933,0.0071188,0.0063936,0.0031981,0.14952,0.17621,0.2331,0.48352,0.56338,0.90849,90.1497,-19.4382,5.0104
03,1,1,red,1,2,lighter,voronoi_green,57.8662278,-28.0530988,1.2656111,67.5988358,-32.3790215,2.7346884,0.5856752,0.6835164,0.5236455,0.5864964,0.6855522,0.5246260,0.23821,-0.3476,0.5208,0.077882,-0.48648,-0.93213,-0.05759,-0.044478,15.8444,-30.8237,11.3851,0.023273,0.0062325,0.0068822,0.0013424,0.012457,0.013112,0.0028739,0.47881,0.58704,0.29919,0.8018,0.98108,0.52748,89.8778,-4.6547,18.8289
03,2,1,red,1,2,lighter,voronoi_green,0.0000000,0.0000000,0.0000000,0.0000000,0.0000000,0.0000000,0.0000000,0.0000000,0.0000000,0.0000000,0.0000000,0.0000000,0.23821,-0.3476,0.5208,0.077882,-0.48648,-0.93213,-0.05759,-0.044478,15.8444,-30.8237,11.3851,0.023273,0.0062325,0.0068822,0.0013424,0.012457,0.013112,0.0028739,0.47881,0.58704,0.29919,0.8018,0.98108,0.52748,89.8778,-4.6547,18.8289
03,3,1,red,1,2,lighter,voronoi_green,64.0047048,-29.2682439,1.6408262,74.5462662,-33.7963843,3.2643738,0.7458642,0.8652427,0.6613992,0.7469388,0.8678570,0.6626479,0.23821,-0.3476,0.5208,0.077882,-0.48648,-0.93213,-0.05759,-0.044478,15.8444,-30.8237,11.3851,0.023273,0.0062325,0.0068822,0.0013424,0.012457,0.013112,0.0028739,0.47881,0.58704,0.29919,0.8018,0.98108,0.52748,89.8778,-4.6547,18.8289
03,4,1,red,1,2,lighter,voronoi_green,51.9594563,-24.7668195,10.5474863,60.9268710,-28.4760693,13.0073551,0.4606796,0.5189793,0.3142927,0.4619896,0.5215612,0.3159321,0.23821,-0.3476,0.5208,0.077882,-0.48648,-0.93213,-0.05759,-0.044478,15.8444,-30.8237,11.3851,0.023273,0.0062325,0.0068822,0.0013424,0.012457,0.013112,0.0028739,0.47881,0.58704,0.29919,0.8018,0.98108,0.52748,89.8778,-4.6547,18.8289
03,1,2,red,1,2,lighter,voronoi_green_brighter,54.2857617,-21.4446001,9.8925874,63.5569591,-24.7272871,12.3190303,0.5138105,0.5672973,0.3580028,0.5151150,0.5698595,0.3596183,0.13811,-0.34988,0.55359,-0.039668,-0.53774,-0.88519,-0.10191,-0.082056,23.617,-44.9818,17.7869,0.017743,0.010471,0.011721,0.0019728,0.0147,0.015811,0.0030783,0.56317,0.69208,0.31357,0.77206,0.96507,0.45356,90.6334,-12.0446,20.7234
03,2,2,red,1,2,lighter,voronoi_green_brighter,67.3095995,-23.8501490,7.3265378,78.2930507,-27.5794451,9.6834934,0.8556944,0.9481720,0.6599736,0.8574530,0.9517349,0.6620654,0.13811,-0.34988,0.55359,-0.039668,-0.53774,-0.88519,-0.10191,-0.082056,23.617,-44.9818,17.7869,0.017743,0.010471,0.011721,0.0019728,0.0147,0.015811,0.0030783,0.56317,0.69208,0.31357,0.77206,0.96507,0.45356,90.6334,-12.0446,20.7234
03,3,2,red,1,2,lighter,voronoi_green_brighter,65.7573761,-29.3088022,7.2372470,76.5376850,-33.7774643,9.5559386,0.7999793,0.9115882,0.6225281,0.8016939,0.9152179,0.6245863,0.13811,-0.34988,0.55359,-0.039668,-0.53774,-0.88519,-0.10191,-0.082056,23.617,-44.9818,17.7869,0.017743,0.010471,0.011721,0.0019728,0.0147,0.015811,0.0030783,0.56317,0.69208,0.31357,0.77206,0.96507,0.45356,90.6334,-12.0446,20.7234
03,4,2,red,1,2,lighter,voronoi_green_brighter,48.6495569,-26.4881566,3.6303909,57.1717994,-30.5025260,5.2138366,0.3918293,0.4583587,0.3268101,0.3925485,0.4600176,0.3277245,0.13811,-0.34988,0.55359,-0.039668,-0.53774,-0.88519,-0.10191,-0.082056,23.617,-44.9818,17.7869,0.017743,0.010471,0.011721,0.0019728,0.0147,0.015811,0.0030783,0.56317,0.69208,0.31357,0.77206,0.96507,0.45356,90.6334,-12.0446,20.7234
03,1,3,red,1,4,lighter,voronoi_red,37.7294764,-22.7753041,-11.3685545,44.7899153,-26.4708396,-11.7691469,0.2203708,0.2772716,0.2962272,0.2200820,0.2771456,0.2957567,-0.047942,-0.27352,0.50625,-0.37725,-0.073328,-0.96528,-0.0070242,0.025847,9.6537,4.3606,-8.8558,0.16825,0.0035727,0.003151,0.0028089,0.0091551,0.0091888,0.005171,0.18429,0.36992,0.39486,0.4121,0.90917,0.65707,89.5392,-23.0364,2.6091
03,2,3,red,1,4,lighter,voronoi_red,58.4391428,-40.7210703,-9.8576296,68.2316045,-47.0009796,-9.7092492,0.5791615,0.7441301,0.6926455,0.5789740,0.7449400,0.6923695,-0.047942,-0.27352,0.50625,-0.37725,-0.073328,-0.96528,-0.0070242,0.025847,9.6537,4.3606,-8.8558,0.16825,0.0035727,0.003151,0.0028089,0.0091551,0.0091888,0.005171,0.18429,0.36992,0.39486,0.4121,0.90917,0.65707,89.5392,-23.0364,2.6091
03,3,3,red,1,4,lighter,voronoi_red,58.1656372,-15.3013364,-16.7700866,67.9068167,-18.1626795,-17.4488374,0.5987826,0.6964179,0.7983602,0.5978019,0.6953597,0.7966697,-0.047942,-0.27352,0.50625,-0.37725,-0.073328,-0.96528,-0.0070242,0.025847,9.6537,4.3606,-8.8558,0.16825,0.0035727,0.003151,0.0028089,0.0091551,0.0091888,0.005171,0.18429,0.36992,0.39486,0.4121,0.90917,0.65707,89.5392,-23.0364,2.6091
03,4,3,red,1,4,lighter,voronoi_red,37.4048167,-13.2020510,-11.5402836,44.4215202,-15.5583164,-11.9632799,0.2222836,0.2620165,0.2933400,0.2219674,0.2617284,0.2927963,-0.047942,-0.27352,0.50625,-0.37725,-0.073328,-0.96528,-0.0070242,0.025847,9.6537,4.3606,-8.8558,0.16825,0.0035727,0.003151,0.0028089,0.0091551,0.0091888,0.005171,0.18429,0.36992,0.39486,0.4121,0.90917,0.65707,89.5392,-23.0364,2.6091
03,1,4,red,1,4,lighter,voronoi_red_brighter,43.4777756,-15.6686802,-14.8442142,51.2871058,-18.4662084,-15.5579728,0.3054587,0.3660009,0.4268748,0.3048202,0.3653334,0.4258608,-0.11596,-0.29396,0.53822,-0.11731,-0.11325,-0.94322,-0.024184,0.051512,14.3063,2.2351,-13.6851,0.13865,0.0056828,0.0054188,0.0049891,0.011144,0.011687,0.0068257,0.21674,0.44164,0.44729,0.44389,0.94295,0.65175,90.2807,-8.4966,4.0038
03,2,4,red,1,4,lighter,voronoi_red_brighter,54.1946134,-31.6897886,-6.0713379,63.4336172,-36.6189712,-5.5425577,0.4939807,0.6068167,0.5382502,0.4941065,0.6077955,0.5383231,-0.11596,-0.29396,0.53822,-0.11731,-0.11325,-0.94322,-0.024184,0.051512,14.3063,2.2351,-13.6851,0.13865,0.0056828,0.0054188,0.0049891,0.011144,0.011687,0.0068257,0.21674,0.44164,0.44729,0.44389,0.94295,0.65175,90.2807,-8.4966,4.0038
03,3,4,red,1,4,lighter,voronoi_red_brighter,48.5006813,-33.0181132,-14.6274075,56.9744394,-38.2679834,-15.2314419,0.3758926,0.4898288,0.5245568,0.3752763,0.4895578,0.5237215,-0.11596,-0.29396,0.53822,-0.11731,-0.11325,-0.94322,-0.024184,0.051512,14.3063,2.2351,-13.6851,0.13865,0.0056828,0.0054188,0.0049891,0.011144,0.011687,0.0068257,0.21674,0.44164,0.44729,0.44389,0.94295,0.65175,90.2807,-8.4966,4.0038
03,4,4,red,1,4,lighter,voronoi_red_brighter,73.6706429,-51.7362128,-15.6618862,85.4606994,-59.7612136,-15.9368460,1.0048868,1.3188438,1.2968535,1.0039707,1.3194540,1.2956042,-0.11596,-0.29396,0.53822,-0.11731,-0.11325,-0.94322,-0.024184,0.051512,14.3063,2.2351,-13.6851,0.13865,0.0056828,0.0054188,0.0049891,0.011144,0.011687,0.0068257,0.21674,0.44164,0.44729,0.44389,0.94295,0.65175,90.2807,-8.4966,4.0038
03,1,5,green,1,2,darker,voronoi_diff_dist,37.0718040,-26.2588510,-7.6023457,44.0517678,-30.3645321,-7.5649099,0.2112908,0.2674528,0.2556260,0.2111886,0.2676705,0.2554849,0.44065,-0.34318,0.516,-0.59114,-0.41635,-0.9953,-0.0026358,-0.000261,0.69587,-0.59209,-0.59712,0.13141,0.0004547,0.0004542,0.0002161,0.0065854,0.0064238,0.0023601,0.27927,0.32495,0.12547,2.3459,2.6068,0.92609,89.7665,-43.6833,15.8834
03,2,5,green,1,2,darker,voronoi_diff_dist,38.3672454,-30.6994772,-13.3534599,45.5099204,-35.5578869,-13.9818848,0.2230604,0.2974652,0.3233807,0.2226427,0.2972548,0.3227933,0.44065,-0.34318,0.516,-0.59114,-0.41635,-0.9953,-0.0026358,-0.000261,0.69587,-0.59209,-0.59712,0.13141,0.0004547,0.0004542,0.0002161,0.0065854,0.0064238,0.0023601,0.27927,0.32495,0.12547,2.3459,2.6068,0.92609,89.7665,-43.6833,15.8834
03,3,5,green,1,2,darker,voronoi_diff_dist,39.1823557,-30.9072257,-12.6752264,46.4335040,-35.7771448,-13.2096531,0.2337082,0.3097644,0.3298746,0.2333401,0.3096438,0.3293684,0.44065,-0.34318,0.516,-0.59114,-0.41635,-0.9953,-0.0026358,-0.000261,0.69587,-0.59209,-0.59712,0.13141,0.0004547,0.0004542,0.0002161,0.0065854,0.0064238,0.0023601,0.27927,0.32495,0.12547,2.3459,2.6068,0.92609,89.7665,-43.6833,15.8834
03,4,5,green,1,2,darker,voronoi_diff_dist,38.1533322,-6.1242810,7.0490232,45.2951196,-7.2496356,8.8557237,0.2420694,0.2472047,0.1676108,0.2426482,0.2481974,0.1682708,0.44065,-0.34318,0.516,-0.59114,-0.41635,-0.9953,-0.0026358,-0.000261,0.69587,-0.59209,-0.59712,0.13141,0.0004547,0.0004542,0.0002161,0.0065854,0.0064238,0.0023601,0.27927,0.32495,0.12547,2.3459,2.6068,0.92609,89.7665,-43.6833,15.8834
03,1,6,green,1,2,darker,voronoi_diff_dist_brighter,77.9076427,2.4776779,2.4535230,90.2748991,2.2009274,4.4386700,1.2847244,1.2601307,1.0637258,1.2862533,1.2624733,1.0648123,0.12054,-0.33962,0.52726,-0.60242,-0.41591,-0.98408,-0.011346,0.014043,4.9332,-2.6208,-7.2225,0.066065,0.0015299,0.0016091,0.0013793,0.0064598,0.0063919,0.0026925,0.10748,0.13271,0.076113,0.35116,0.40324,0.16075,90.0276,-44.1682,15.7754
03,2,6,green,1,2,darker,voronoi_diff_dist_brighter,78.0159218,1.2378408,17.2119310,90.4166897,0.9441388,20.9405373,1.2966514,1.2358011,0.7918468,1.3000977,1.2411115,0.7955753,0.12054,-0.33962,0.52726,-0.60242,-0.41591,-0.98408,-0.011346,0.014043,4.9332,-2.6208,-7.2225,0.066065,0.0015299,0.0016091,0.0013793,0.0064598,0.0063919,0.0026925,0.10748,0.13271,0.076113,0.35116,0.40324,0.16075,90.0276,-44.1682,15.7754
03,3,6,green,1,2,darker,voronoi_diff_dist_brighter,70.2274627,9.5502251,9.3514422,81.5909892,10.3592280,12.0185722,1.0135214,0.9356068,0.7078579,1.0155138,0.9383219,0.7096286,0.12054,-0.33962,0.52726,-0.60242,-0.41591,-0.98408,-0.011346,0.014043,4.9332,-2.6208,-7.2225,0.066065,0.0015299,0.0016091,0.0013793,0.0064598,0.0063919,0.0026925,0.10748,0.13271,0.076113,0.35116,0.40324,0.16075,90.0276,-44.1682,15.7754
03,4,6,green,1,2,darker,voronoi_diff_dist_brighter,76.6774050,4.9612395,-3.8118084,92.8291890,-7.3654879,14.4950640,1.3707834,1.3822183,1.1425246,2.4096716,2.3270569,0.9875577,0.12054,-0.33962,0.52726,-0.60242,-0.41591,-0.98408,-0.011346,0.014043,4.9332,-2.6208,-7.2225,0.066065,0.0015299,0.0016091,0.0013793,0.0064598,0.0063919,0.0026925,0.10748,0.13271,0.076113,0.35116,0.40324,0.16075,90.0276,-44.1682,15.7754
03,1,7,green,3,1,lighter,voronoi_diff_dist,66.0824167,9.5527767,10.2064331,76.9016626,10.3943813,12.9003087,0.8758120,0.8033150,0.5923843,0.8776366,0.8058402,0.5940774,0.077379,-0.24646,0.5958,0.36313,-1.4321,-0.98908,0.0031491,-0.0034396,2.6377,1.6166,0.1857,0.58987,0.0011787,0.0008666,0.0003831,0.0086156,0.0068135,0.002181,0.62755,0.55302,0.21437,2.9445,2.6846,0.85765,91.5906,-6.2003,73.7937
03,2,7,green,3,1,lighter,voronoi_diff_dist,69.9979995,12.2917422,6.4359343,81.3271619,13.4433043,8.7544540,1.0093722,0.9238168,0.7484099,1.0109660,0.9258627,0.7496941,0.077379,-0.24646,0.5958,0.36313,-1.4321,-0.98908,0.0031491,-0.0034396,2.6377,1.6166,0.1857,0.58987,0.0011787,0.0008666,0.0003831,0.0086156,0.0068135,0.002181,0.62755,0.55302,0.21437,2.9445,2.6846,0.85765,91.5906,-6.2003,73.7937
03,3,7,green,3,1,lighter,voronoi_diff_dist,61.0987518,-4.3858297,12.8683877,71.2687200,-5.3712391,15.7779459,0.7062756,0.6978869,0.4504730,0.7081322,0.7009232,0.4525062,0.077379,-0.24646,0.5958,0.36313,-1.4321,-0.98908,0.0031491,-0.0034396,2.6377,1.6166,0.1857,0.58987,0.0011787,0.0008666,0.0003831,0.0086156,0.0068135,0.002181,0.62755,0.55302,0.21437,2.9445,2.6846,0.85765,91.5906,-6.2003,73.7937
03,4,7,green,3,1,lighter,voronoi_diff_dist,0.0000000,0.0000000,0.0000000,0.0000000,0.0000000,0.0000000,0.0000000,0.0000000,0.0000000,0.0000000,0.0000000,0.0000000,0.077379,-0.24646,0.5958,0.36313,-1.4321,-0.98908,0.0031491,-0.0034396,2.6377,1.6166,0.1857,0.58987,0.0011787,0.0008666,0.0003831,0.0086156,0.0068135,0.002181,0.62755,0.55302,0.21437,2.9445,2.6846,0.85765,91.5906,-6.2003,73.7937
03,1,8,green,3,1,lighter,voronoi_diff_dist_brighter,29.9804863,-6.5731432,-1.5406813,36.0342880,-7.8054540,-0.8965902,0.1461137,0.1569916,0.1385245,0.1462447,0.1572610,0.1385723,-0.09069,-0.23871,0.59841,0.48586,-1.6133,-0.93276,0.029342,0.0063206,16.3119,12.4002,-5.3711,0.32887,0.0074399,0.0051836,0.0035597,0.013297,0.0096348,0.0037251,0.46252,0.39183,0.1951,0.74282,0.62886,0.23457,91.6493,-2.8819,93.8236
03,2,8,green,3,1,lighter,voronoi_diff_dist_brighter,52.9359556,-22.0991743,8.5072921,62.0281783,-25.4773290,10.7444409,0.4832033,0.5386620,0.3492813,0.4843960,0.5410339,0.3507668,-0.09069,-0.23871,0.59841,0.48586,-1.6133,-0.93276,0.029342,0.0063206,16.3119,12.4002,-5.3711,0.32887,0.0074399,0.0051836,0.0035597,0.013297,0.0096348,0.0037251,0.46252,0.39183,0.1951,0.74282,0.62886,0.23457,91.6493,-2.8819,93.8236
03,3,8,green,3,1,lighter,voronoi_diff_dist_brighter,42.7080535,-18.5489619,-6.7932669,50.4312133,-21.5962629,-6.5564892,0.2943273,0.3464999,0.3311172,0.2942835,0.3467670,0.3309835,-0.09069,-0.23871,0.59841,0.48586,-1.6133,-0.93276,0.029342,0.0063206,16.3119,12.4002,-5.3711,0.32887,0.0074399,0.0051836,0.0035597,0.013297,0.0096348,0.0037251,0.46252,0.39183,0.1951,0.74282,0.62886,0.23457,91.6493,-2.8819,93.8236
03,4,8,green,3,1,lighter,voronoi_diff_dist_brighter,57.5030962,-32.4214526,-8.2707080,67.1744632,-37.5084677,-7.9462977,0.5669947,0.6986002,0.6457091,0.5669609,0.6994100,0.6455564,-0.09069,-0.23871,0.59841,0.48586,-1.6133,-0.93276,0.029342,0.0063206,16.3119,12.4002,-5.3711,0.32887,0.0074399,0.0051836,0.0035597,0.013297,0.0096348,0.0037251,0.46252,0.39183,0.1951,0.74282,0.62886,0.23457,91.6493,-2.8819,93.8236
03,1,9,green,3,4,darker,voronoi_yellow,51.2859294,-20.7812259,-1.0756427,60.1474127,-24.1004304,-0.0007562,0.4465400,0.5111899,0.4202086,0.4469904,0.5123680,0.4206648,-0.14599,-0.27593,0.53254,-0.29874,-0.14059,-0.9839,-0.0023393,-0.0043429,4.9585,-1.8342,2.0689,0.45513,0.0016432,0.0014174,0.0005933,0.0071188,0.0063936,0.0031981,0.14952,0.17621,0.2331,0.48352,0.56338,0.90849,90.1497,-19.4382,5.0104
03,2,9,green,3,4,darker,voronoi_yellow,16.6460770,-11.3727207,-1.3566463,20.9469682,-13.1742619,-0.9286136,0.0506143,0.0591945,0.0501726,0.0506828,0.0593292,0.0501881,-0.14599,-0.27593,0.53254,-0.29874,-0.14059,-0.9839,-0.0023393,-0.0043429,4.9585,-1.8342,2.0689,0.45513,0.0016432,0.0014174,0.0005933,0.0071188,0.0063936,0.0031981,0.14952,0.17621,0.2331,0.48352,0.56338,0.90849,90.1497,-19.4382,5.0104
03,3,9,green,3,4,darker,voronoi_yellow,50.7540930,-28.8558233,1.7352085,59.5506317,-33.2389778,3.1303457,0.4291626,0.5096123,0.3801275,0.4298249,0.5112727,0.3809273,-0.14599,-0.27593,0.53254,-0.29874,-0.14059,-0.9839,-0.0023393,-0.0043429,4.9585,-1.8342,2.0689,0.45513,0.0016432,0.0014174,0.0005933,0.0071188,0.0063936,0.0031981,0.14952,0.17621,0.2331,0.48352,0.56338,0.90849,90.1497,-19.4382,5.0104
03,4,9,green,3,4,darker,voronoi_yellow,50.3485257,-5.7139912,4.5730090,59.0921195,-6.8918896,6.3074752,0.4457307,0.4558529,0.3463639,0.4465115,0.4572079,0.3471471,-0.14599,-0.27593,0.53254,-0.29874,-0.14059,-0.9839,-0.0023393,-0.0043429,4.9585,-1.8342,2.0689,0.45513,0.0016432,0.0014174,0.0005933,0.0071188,0.0063936,0.0031981,0.14952,0.17621,0.2331,0.48352,0.56338,0.90849,90.1497,-19.4382,5.0104
04,1,1,red,1,2,lighter,voronoi_green,41.3112372,-35.0413373,11.4283834,48.8785654,-40.0550136,13.7901346,0.2673682,0.3260934,0.1718763,0.2682931,0.3280411,0.1731455,0.23821,-0.3476,0.5208,0.077882,-0.48648,-0.93213,-0.05759,-0.044478,15.8444,-30.8237,11.3851,0.023273,0.0062325,0.0068822,0.0013424,0.012457,0.013112,0.0028739,0.47881,0.58704,0.29919,0.8018,0.98108,0.52748,89.8778,-4.6547,18.8289
04,2,1,red,1,2,lighter,voronoi_green,51.7652797,-40.4470113,19.6132614,60.7184704,-46.1663744,23.1133237,0.4447157,0.5314729,0.2348318,0.4464928,0.5351067,0.2373177,0.23821,-0.3476,0.5208,0.077882,-0.48648,-0.93213,-0.05759,-0.044478,15.8444,-30.8237,11.3851,0.023273,0.0062325,0.0068822,0.0013424,0.012457,0.013112,0.0028739,0.47881,0.58704,0.29919,0.8018,0.98108,0.52748,89.8778,-4.6547,18.8289
04,3,1,red,1,2,lighter,voronoi_green,60.1437771,-46.6352097,20.8174502,70.2032967,-53.2323925,24.6092162,0.6291365,0.7577779,0.3449160,0.6316464,0.7628867,0.3483709,0.23821,-0.3476,0.5208,0.077882,-0.48648,-0.93213,-0.05759,-0.044478,15.8444,-30.8237,11.3851,0.023273,0.0062325,0.0068822,0.0013424,0.012457,0.013112,0.0028739,0.47881,0.58704,0.29919,0.8018,0.98108,0.52748,89.8778,-4.6547,18.8289
04,4,1,red,1,2,lighter,voronoi_green,47.6089693,-40.2122918,11.3893289,56.0072040,-45.9796068,13.8613514,0.3641562,0.4488542,0.2448528,0.3653520,0.4514435,0.2464460,0.23821,-0.3476,0.5208,0.077882,-0.48648,-0.93213,-0.05759,-0.044478,15.8444,-30.8237,11.3851,0.023273,0.0062325,0.0068822,0.0013424,0.012457,0.013112,0.0028739,0.47881,0.58704,0.29919,0.8018,0.98108,0.52748,89.8778,-4.6547,18.8289
04,1,2,red,1,2,lighter,voronoi_green_brighter,53.2104275,-40.7308334,19.1477083,62.3529799,-46.4985021,22.6212202,0.4740503,0.5661256,0.2572850,0.4759119,0.5699048,0.2598672,0.13811,-0.34988,0.55359,-0.039668,-0.53774,-0.88519,-0.10191,-0.082056,23.617,-44.9818,17.7869,0.017743,0.010471,0.011721,0.0019728,0.0147,0.015811,0.0030783,0.56317,0.69208,0.31357,0.77206,0.96507,0.45356,90.6334,-12.0446,20.7234
04,2,2,red,1,2,lighter,voronoi_green_brighter,52.7370434,-42.7191785,15.5490141,61.8143789,-48.8016501,18.5953114,0.4612523,0.5617318,0.2804958,0.4628972,0.5652003,0.2827717,0.13811,-0.34988,0.55359,-0.039668,-0.53774,-0.88519,-0.10191,-0.082056,23.617,-44.9818,17.7869,0.017743,0.010471,0.011721,0.0019728,0.0147,0.015811,0.0030783,0.56317,0.69208,0.31357,0.77206,0.96507,0.45356,90.6334,-12.0446,20.7234
04,3,2,red,1,2,lighter,voronoi_green_brighter,55.1844407,-41.4498567,23.9745194,64.5930801,-47.2738128,28.0399096,0.5175377,0.6108927,0.2449033,0.5198290,0.6154076,0.2480401,0.13811,-0.34988,0.55359,-0.039668,-0.53774,-0.88519,-0.10191,-0.082056,23.617,-44.9818,17.7869,0.017743,0.010471,0.011721,0.0019728,0.0147,0.015811,0.0030783,0.56317,0.69208,0.31357,0.77206,0.96507,0.45356,90.6334,-12.0446,20.7234
04,4,2,red,1,2,lighter,voronoi_green_brighter,56.3053002,-45.6291210,15.4730890,65.8530179,-52.1395565,18.5765344,0.5358750,0.6560798,0.3348431,0.5377535,0.6600859,0.3374191,0.13811,-0.34988,0.55359,-0.039668,-0.53774,-0.88519,-0.10191,-0.082056,23.617,-44.9818,17.7869,0.017743,0.010471,0.011721,0.0019728,0.0147,0.015811,0.0030783,0.56317,0.69208,0.31357,0.77206,0.96507,0.45356,90.6334,-12.0446,20.7234
04,1,3,red,1,4,lighter,voronoi_red,30.6602767,25.3298441,-13.4201096,36.7740804,28.3260784,-14.1851673,0.1698173,0.1380117,0.2198896,0.1693618,0.1370062,0.2189858,-0.047942,-0.27352,0.50625,-0.37725,-0.073328,-0.96528,-0.0070242,0.025847,9.6537,4.3606,-8.8558,0.16825,0.0035727,0.003151,0.0028089,0.0091551,0.0091888,0.005171,0.18429,0.36992,0.39486,0.4121,0.90917,0.65707,89.5392,-23.0364,2.6091
04,2,3,red,1,4,lighter,voronoi_red,35.3132978,-32.7069716,-3.6687086,42.0692434,-37.6190954,-3.1958909,0.1881730,0.2452077,0.2046477,0.1882763,0.2457541,0.2048125,-0.047942,-0.27352,0.50625,-0.37725,-0.073328,-0.96528,-0.0070242,0.025847,9.6537,4.3606,-8.8558,0.16825,0.0035727,0.003151,0.0028089,0.0091551,0.0091888,0.005171,0.18429,0.36992,0.39486,0.4121,0.90917,0.65707,89.5392,-23.0364,2.6091
04,3,3,red,1,4,lighter,voronoi_red,42.5120184,-33.0371385,-22.9017313,50.1805237,-38.4766563,-24.6134330,0.2743784,0.3828449,0.5011799,0.2732130,0.3815843,0.4995461,-0.047942,-0.27352,0.50625,-0.37725,-0.073328,-0.96528,-0.0070242,0.025847,9.6537,4.3606,-8.8558,0.16825,0.0035727,0.003151,0.0028089,0.0091551,0.0091888,0.005171,0.18429,0.36992,0.39486,0.4121,0.90917,0.65707,89.5392,-23.0364,2.6091
04,4,3,red,1,4,lighter,voronoi_red,47.4074867,-47.5092030,-18.4787057,55.7316099,-54.9193523,-19.5677737,0.3436479,0.4920025,0.5497509,0.3427077,0.4914402,0.5485779,-0.047942,-0.27352,0.50625,-0.37725,-0.073328,-0.96528,-0.0070242,0.025847,9.6537,4.3606,-8.8558,0.16825,0.0035727,0.003151,0.0028089,0.0091551,0.0091888,0.005171,0.18429,0.36992,0.39486,0.4121,0.90917,0.65707,89.5392,-23.0364,2.6091
04,1,4,red,1,4,lighter,voronoi_red_brighter,62.0092372,-38.9855356,-12.1418161,72.2680312,-45.0885080,-12.2013024,0.6699003,0.8522506,0.8283912,0.6694734,0.8527562,0.8277249,-0.11596,-0.29396,0.53822,-0.11731,-0.11325,-0.94322,-0.024184,0.051512,14.3063,2.2351,-13.6851,0.13865,0.0056828,0.0054188,0.0049891,0.011144,0.011687,0.0068257,0.21674,0.44164,0.44729,0.44389,0.94295,0.65175,90.2807,-8.4966,4.0038
04,2,4,red,1,4,lighter,voronoi_red_brighter,51.5318216,-44.0159931,-17.1066631,60.4022437,-50.8971662,-17.9544332,0.4220646,0.5801000,0.6268659,0.4212003,0.5797063,0.6257538,-0.11596,-0.29396,0.53822,-0.11731,-0.11325,-0.94322,-0.024184,0.051512,14.3063,2.2351,-13.6851,0.13865,0.0056828,0.0054188,0.0049891,0.011144,0.011687,0.0068257,0.21674,0.44164,0.44729,0.44389,0.94295,0.65175,90.2807,-8.4966,4.0038
04,3,4,red,1,4,lighter,voronoi_red_brighter,54.9496172,-47.8798015,-14.7154935,64.2755555,-55.2649628,-15.2120666,0.4898042,0.6692370,0.6764615,0.4891446,0.6693469,0.6755842,-0.11596,-0.29396,0.53822,-0.11731,-0.11325,-0.94322,-0.024184,0.051512,14.3063,2.2351,-13.6851,0.13865,0.0056828,0.0054188,0.0049891,0.011144,0.011687,0.0068257,0.21674,0.44164,0.44729,0.44389,0.94295,0.65175,90.2807,-8.4966,4.0038
04,4,4,red,1,4,lighter,voronoi_red_brighter,47.3495607,-37.8901903,-10.5073834,55.6816272,-43.7382507,-10.6316929,0.3535205,0.4660746,0.4507460,0.3532817,0.4664304,0.4503692,-0.11596,-0.29396,0.53822,-0.11731,-0.11325,-0.94322,-0.024184,0.051512,14.3063,2.2351,-13.6851,0.13865,0.0056828,0.0054188,0.0049891,0.011144,0.011687,0.0068257,0.21674,0.44164,0.44729,0.44389,0.94295,0.65175,90.2807,-8.4966,4.0038
04,1,5,green,1,2,darker,voronoi_diff_dist,26.8564214,-17.8726500,-1.7154185,32.5014812,-20.6441805,-1.1530249,0.1133463,0.1359418,0.1131326,0.1134644,0.1362775,0.1132363,0.44065,-0.34318,0.516,-0.59114,-0.41635,-0.9953,-0.0026358,-0.000261,0.69587,-0.59209,-0.59712,0.13141,0.0004547,0.0004542,0.0002161,0.0065854,0.0064238,0.0023601,0.27927,0.32495,0.12547,2.3459,2.6068,0.92609,89.7665,-43.6833,15.8834
04,2,5,green,1,2,darker,voronoi_diff_dist,30.4932945,-27.2112455,-5.0483721,36.6130854,-31.3650852,-4.8210675,0.1406048,0.1818347,0.1621581,0.1406182,0.1821268,0.1621933,0.44065,-0.34318,0.516,-0.59114,-0.41635,-0.9953,-0.0026358,-0.000261,0.69587,-0.59209,-0.59712,0.13141,0.0004547,0.0004542,0.0002161,0.0065854,0.0064238,0.0023601,0.27927,0.32495,0.12547,2.3459,2.6068,0.92609,89.7665,-43.6833,15.8834
04,3,5,green,1,2,darker,voronoi_diff_dist,42.9720139,-39.1187557,1.7650766,50.7460122,-44.8641007,3.0234918,0.2865480,0.3677151,0.2596148,0.2870267,0.3690936,0.2603042,0.44065,-0.34318,0.516,-0.59114,-0.41635,-0.9953,-0.0026358,-0.000261,0.69587,-0.59209,-0.59712,0.13141,0.0004547,0.0004542,0.0002161,0.0065854,0.0064238,0.0023601,0.27927,0.32495,0.12547,2.3459,2.6068,0.92609,89.7665,-43.6833,15.8834
04,4,5,green,1,2,darker,voronoi_diff_dist,33.4035410,-28.1952481,-4.2314719,39.9066405,-32.4771340,-3.8545888,0.1693166,0.2166538,0.1871981,0.1693857,0.2170774,0.1872755,0.44065,-0.34318,0.516,-0.59114,-0.41635,-0.9953,-0.0026358,-0.000261,0.69587,-0.59209,-0.59712,0.13141,0.0004547,0.0004542,0.0002161,0.0065854,0.0064238,0.0023601,0.27927,0.32495,0.12547,2.3459,2.6068,0.92609,89.7665,-43.6833,15.8834
04,1,6,green,1,2,darker,voronoi_diff_dist_brighter,47.6853851,-16.4191913,31.5209633,56.1072773,-18.7691675,36.3118355,0.3905126,0.3991645,0.1201941,0.3924840,0.4025543,0.1227823,0.12054,-0.33962,0.52726,-0.60242,-0.41591,-0.98408,-0.011346,0.014043,4.9332,-2.6208,-7.2225,0.066065,0.0015299,0.0016091,0.0013793,0.0064598,0.0063919,0.0026925,0.10748,0.13271,0.076113,0.35116,0.40324,0.16075,90.0276,-44.1682,15.7754
04,2,6,green,1,2,darker,voronoi_diff_dist_brighter,54.4075537,-8.8075823,41.8070172,63.7215160,-10.1154849,47.8878841,0.5401565,0.5152004,0.1244662,0.5430540,0.5198988,0.1281112,0.12054,-0.33962,0.52726,-0.60242,-0.41591,-0.98408,-0.011346,0.014043,4.9332,-2.6208,-7.2225,0.066065,0.0015299,0.0016091,0.0013793,0.0064598,0.0063919,0.0026925,0.10748,0.13271,0.076113,0.35116,0.40324,0.16075,90.0276,-44.1682,15.7754
04,3,6,green,1,2,darker,voronoi_diff_dist_brighter,36.4451800,-3.2203327,29.9899744,43.3840636,-3.7599193,34.3981876,0.2254109,0.2092985,0.0549050,0.2266227,0.2111997,0.0563749,0.12054,-0.33962,0.52726,-0.60242,-0.41591,-0.98408,-0.011346,0.014043,4.9332,-2.6208,-7.2225,0.066065,0.0015299,0.0016091,0.0013793,0.0064598,0.0063919,0.0026925,0.10748,0.13271,0.076113,0.35116,0.40324,0.16075,90.0276,-44.1682,15.7754
04,4,6,green,1,2,darker,voronoi_diff_dist_brighter,62.9399783,-12.3533267,67.3950454,73.3933749,-14.0579059,76.3386530,0.7614258,0.7200591,0.0716728,0.7662078,0.7278246,0.0777887,0.12054,-0.33962,0.52726,-0.60242,-0.41591,-0.98408,-0.011346,0.014043,4.9332,-2.6208,-7.2225,0.066065,0.0015299,0.0016091,0.0013793,0.0064598,0.0063919,0.0026925,0.10748,0.13271,0.076113,0.35116,0.40324,0.16075,90.0276,-44.1682,15.7754
04,1,7,green,3,1,lighter,voronoi_diff_dist,65.1640481,0.9159342,39.9590780,75.8939049,0.8307850,46.0719589,0.8436750,0.7640940,0.2527507,0.8476379,0.7702051,0.2575373,0.077379,-0.24646,0.5958,0.36313,-1.4321,-0.98908,0.0031491,-0.0034396,2.6377,1.6166,0.1857,0.58987,0.0011787,0.0008666,0.0003831,0.0086156,0.0068135,0.002181,0.62755,0.55302,0.21437,2.9445,2.6846,0.85765,91.5906,-6.2003,73.7937
04,2,7,green,3,1,lighter,voronoi_diff_dist,59.9715709,-14.8766408,43.8772508,70.0217286,-17.0090621,50.2972693,0.6708352,0.6613645,0.1633147,0.6744456,0.6673655,0.1679016,0.077379,-0.24646,0.5958,0.36313,-1.4321,-0.98908,0.0031491,-0.0034396,2.6377,1.6166,0.1857,0.58987,0.0011787,0.0008666,0.0003831,0.0086156,0.0068135,0.002181,0.62755,0.55302,0.21437,2.9445,2.6846,0.85765,91.5906,-6.2003,73.7937
04,3,7,green,3,1,lighter,voronoi_diff_dist,62.9702281,-8.5804702,55.9575222,73.4211901,-9.8310347,63.7568541,0.7661376,0.7170061,0.1233465,0.7705402,0.7240930,0.1289046,0.077379,-0.24646,0.5958,0.36313,-1.4321,-0.98908,0.0031491,-0.0034396,2.6377,1.6166,0.1857,0.58987,0.0011787,0.0008666,0.0003831,0.0086156,0.0068135,0.002181,0.62755,0.55302,0.21437,2.9445,2.6846,0.85765,91.5906,-6.2003,73.7937
04,4,7,green,3,1,lighter,voronoi_diff_dist,52.4919748,-5.3955969,50.7200394,61.5578927,-6.2033962,57.7144303,0.5025504,0.4625614,0.0723806,0.5055181,0.4672748,0.0760976,0.077379,-0.24646,0.5958,0.36313,-1.4321,-0.98908,0.0031491,-0.0034396,2.6377,1.6166,0.1857,0.58987,0.0011787,0.0008666,0.0003831,0.0086156,0.0068135,0.002181,0.62755,0.55302,0.21437,2.9445,2.6846,0.85765,91.5906,-6.2003,73.7937
04,1,8,green,3,1,lighter,voronoi_diff_dist_brighter,30.3817318,-17.3008993,8.1297166,36.5030992,-19.8759063,9.9159047,0.1464111,0.1648320,0.0959859,0.1468445,0.1656873,0.0965432,-0.09069,-0.23871,0.59841,0.48586,-1.6133,-0.93276,0.029342,0.0063206,16.3119,12.4002,-5.3711,0.32887,0.0074399,0.0051836,0.0035597,0.013297,0.0096348,0.0037251,0.46252,0.39183,0.1951,0.74282,0.62886,0.23457,91.6493,-2.8819,93.8236
04,2,8,green,3,1,lighter,voronoi_diff_dist_brighter,47.2829792,-28.1139937,1.5465650,55.6221107,-32.3726514,2.8572808,0.3649627,0.4354149,0.3247346,0.3655140,0.4368146,0.3254314,-0.09069,-0.23871,0.59841,0.48586,-1.6133,-0.93276,0.029342,0.0063206,16.3119,12.4002,-5.3711,0.32887,0.0074399,0.0051836,0.0035597,0.013297,0.0096348,0.0037251,0.46252,0.39183,0.1951,0.74282,0.62886,0.23457,91.6493,-2.8819,93.8236
04,3,8,green,3,1,lighter,voronoi_diff_dist_brighter,35.4631015,-26.1348954,3.4914038,42.2494889,-30.0110442,4.8219363,0.1950001,0.2356779,0.1611330,0.1954455,0.2366718,0.1616756,-0.09069,-0.23871,0.59841,0.48586,-1.6133,-0.93276,0.029342,0.0063206,16.3119,12.4002,-5.3711,0.32887,0.0074399,0.0051836,0.0035597,0.013297,0.0096348,0.0037251,0.46252,0.39183,0.1951,0.74282,0.62886,0.23457,91.6493,-2.8819,93.8236
04,4,8,green,3,1,lighter,voronoi_diff_dist_brighter,40.7591434,-26.7843147,10.3291434,48.2504399,-30.6902148,12.5568993,0.2645680,0.3085373,0.1733053,0.2653731,0.3101946,0.1743844,-0.09069,-0.23871,0.59841,0.48586,-1.6133,-0.93276,0.029342,0.0063206,16.3119,12.4002,-5.3711,0.32887,0.0074399,0.0051836,0.0035597,0.013297,0.0096348,0.0037251,0.46252,0.39183,0.1951,0.74282,0.62886,0.23457,91.6493,-2.8819,93.8236
04,1,9,green,3,4,darker,voronoi_yellow,37.5748654,-17.2195992,-1.4231947,44.6309787,-19.9640735,-0.6360116,0.2248280,0.2592962,0.2160763,0.2250625,0.2598935,0.2162950,-0.14599,-0.27593,0.53254,-0.29874,-0.14059,-0.9839,-0.0023393,-0.0043429,4.9585,-1.8342,2.0689,0.45513,0.0016432,0.0014174,0.0005933,0.0071188,0.0063936,0.0031981,0.14952,0.17621,0.2331,0.48352,0.56338,0.90849,90.1497,-19.4382,5.0104
04,2,9,green,3,4,darker,voronoi_yellow,47.6617909,-36.3188296,12.2336113,56.0664553,-41.5445779,14.8066451,0.3683748,0.4437682,0.2392165,0.3695810,0.4463185,0.2408456,-0.14599,-0.27593,0.53254,-0.29874,-0.14059,-0.9839,-0.0023393,-0.0043429,4.9585,-1.8342,2.0689,0.45513,0.0016432,0.0014174,0.0005933,0.0071188,0.0063936,0.0031981,0.14952,0.17621,0.2331,0.48352,0.56338,0.90849,90.1497,-19.4382,5.0104
04,3,9,green,3,4,darker,voronoi_yellow,51.7176727,-30.6773401,1.3420608,60.6413002,-35.3212317,2.7078658,0.4464982,0.5349320,0.4012085,0.4471778,0.5366661,0.4020757,-0.14599,-0.27593,0.53254,-0.29874,-0.14059,-0.9839,-0.0023393,-0.0043429,4.9585,-1.8342,2.0689,0.45513,0.0016432,0.0014174,0.0005933,0.0071188,0.0063936,0.0031981,0.14952,0.17621,0.2331,0.48352,0.56338,0.90849,90.1497,-19.4382,5.0104
04,4,9,green,3,4,darker,voronoi_yellow,54.2305215,-21.0737669,11.5669278,63.4971721,-24.2849472,14.1901812,0.5136139,0.5632464,0.3407026,0.5150438,0.5659879,0.3424197,-0.14599,-0.27593,0.53254,-0.29874,-0.14059,-0.9839,-0.0023393,-0.0043429,4.9585,-1.8342,2.0689,0.45513,0.0016432,0.0014174,0.0005933,0.0071188,0.0063936,0.0031981,0.14952,0.17621,0.2331,0.48352,0.56338,0.90849,90.1497,-19.4382,5.0104
05,1,1,red,1,2,lighter,voronoi_green,51.3578437,-36.3678738,13.7345640,60.2505806,-41.6031377,16.5484850,0.4384333,0.5215522,0.2767442,0.4399031,0.5245826,0.2787259,0.23821,-0.3476,0.5208,0.077882,-0.48648,-0.93213,-0.05759,-0.044478,15.8444,-30.8237,11.3851,0.023273,0.0062325,0.0068822,0.0013424,0.012457,0.013112,0.0028739,0.47881,0.58704,0.29919,0.8018,0.98108,0.52748,89.8778,-4.6547,18.8289
05,2,1,red,1,2,lighter,voronoi_green,46.8048367,-40.9049801,7.5815552,55.0912735,-46.8203556,9.5919527,0.3485407,0.4371566,0.2644391,0.3494844,0.4393622,0.2657341,0.23821,-0.3476,0.5208,0.077882,-0.48648,-0.93213,-0.05759,-0.044478,15.8444,-30.8237,11.3851,0.023273,0.0062325,0.0068822,0.0013424,0.012457,0.013112,0.0028739,0.47881,0.58704,0.29919,0.8018,0.98108,0.52748,89.8778,-4.6547,18.8289
05,3,1,red,1,2,lighter,voronoi_green,59.2689987,-42.8317561,27.4086929,69.2181216,-48.8322119,31.9413373,0.6136069,0.7180828,0.2718941,0.6164417,0.7235845,0.2757462,0.23821,-0.3476,0.5208,0.077882,-0.48648,-0.93213,-0.05759,-0.044478,15.8444,-30.8237,11.3851,0.023273,0.0062325,0.0068822,0.0013424,0.012457,0.013112,0.0028739,0.47881,0.58704,0.29919,0.8018,0.98108,0.52748,89.8778,-4.6547,18.8289
05,4,1,red,1,2,lighter,voronoi_green,76.1988187,-61.6890212,16.2951063,88.3703888,-70.5153467,19.8501115,1.1033748,1.3768678,0.7487778,1.1069181,1.3847350,0.7536915,0.23821,-0.3476,0.5208,0.077882,-0.48648,-0.93213,-0.05759,-0.044478,15.8444,-30.8237,11.3851,0.023273,0.0062325,0.0068822,0.0013424,0.012457,0.013112,0.0028739,0.47881,0.58704,0.29919,0.8018,0.98108,0.52748,89.8778,-4.6547,18.8289
05,1,2,red,1,2,lighter,voronoi_green_brighter,65.7876304,-47.8036647,25.7023036,76.5958117,-54.5412535,30.1613830,0.7840000,0.9293512,0.3908372,0.7873565,0.9360122,0.3954017,0.13811,-0.34988,0.55359,-0.039668,-0.53774,-0.88519,-0.10191,-0.082056,23.617,-44.9818,17.7869,0.017743,0.010471,0.011721,0.0019728,0.0147,0.015811,0.0030783,0.56317,0.69208,0.31357,0.77206,0.96507,0.45356,90.6334,-12.0446,20.7234
05,2,2,red,1,2,lighter,voronoi_green_brighter,66.7941773,-43.4137603,30.2884044,77.7379469,-49.5158173,35.2937993,0.8217501,0.9466508,0.3607660,0.8255120,0.9538553,0.3658095,0.13811,-0.34988,0.55359,-0.039668,-0.53774,-0.88519,-0.10191,-0.082056,23.617,-44.9818,17.7869,0.017743,0.010471,0.011721,0.0019728,0.0147,0.015811,0.0030783,0.56317,0.69208,0.31357,0.77206,0.96507,0.45356,90.6334,-12.0446,20.7234
05,3,2,red,1,2,lighter,voronoi_green_brighter,60.2293793,-28.3282429,15.8669475,70.2913250,-32.5098248,19.0966036,0.6511460,0.7281429,0.3986257,0.6532068,0.7321517,0.4012883,0.13811,-0.34988,0.55359,-0.039668,-0.53774,-0.88519,-0.10191,-0.082056,23.617,-44.9818,17.7869,0.017743,0.010471,0.011721,0.0019728,0.0147,0.015811,0.0030783,0.56317,0.69208,0.31357,0.77206,0.96507,0.45356,90.6334,-12.0446,20.7234
05,4,2,red,1,2,lighter,voronoi_green_brighter,69.1638208,-49.5766408,31.3980775,80.4219941,-56.5124313,36.5735659,0.8873806,1.0424142,0.3895808,0.8914823,1.0504148,0.3951572,0.13811,-0.34988,0.55359,-0.039668,-0.53774,-0.88519,-0.10191,-0.082056,23.617,-44.9818,17.7869,0.017743,0.010471,0.011721,0.0019728,0.0147,0.015811,0.0030783,0.56317,0.69208,0.31357,0.77206,0.96507,0.45356,90.6334,-12.0446,20.7234
05,1,3,red,1,4,lighter,voronoi_red,42.5490945,-17.4677964,-20.9279512,50.2244736,-20.6346487,-22.3957596,0.2870848,0.3607230,0.4787042,0.2860327,0.3594252,0.4771579,-0.047942,-0.27352,0.50625,-0.37725,-0.073328,-0.96528,-0.0070242,0.025847,9.6537,4.3606,-8.8558,0.16825,0.0035727,0.003151,0.0028089,0.0091551,0.0091888,0.005171,0.18429,0.36992,0.39486,0.4121,0.90917,0.65707,89.5392,-23.0364,2.6091
05,2,3,red,1,4,lighter,voronoi_red,41.8635401,-25.8523035,-12.1342744,49.4684159,-30.0166093,-12.5525440,0.2743602,0.3478365,0.3688423,0.2740162,0.3477396,0.3682858,-0.047942,-0.27352,0.50625,-0.37725,-0.073328,-0.96528,-0.0070242,0.025847,9.6537,4.3606,-8.8558,0.16825,0.0035727,0.003151,0.0028089,0.0091551,0.0091888,0.005171,0.18429,0.36992,0.39486,0.4121,0.90917,0.65707,89.5392,-23.0364,2.6091
05,3,3,red,1,4,lighter,voronoi_red,32.0685321,-10.8506163,-13.1045551,38.3785694,-12.8770239,-13.8142194,0.1619052,0.1924819,0.2335081,0.1615333,0.1920448,0.2329301,-0.047942,-0.27352,0.50625,-0.37725,-0.073328,-0.96528,-0.0070242,0.025847,9.6537,4.3606,-8.8558,0.16825,0.0035727,0.003151,0.0028089,0.0091551,0.0091888,0.005171,0.18429,0.36992,0.39486,0.4121,0.90917,0.65707,89.5392,-23.0364,2.6091
05,4,3,red,1,4,lighter,voronoi_red,46.9930182,-18.1186602,-19.6157369,55.2563165,-21.3675607,-20.8436862,0.3596230,0.4433685,0.5569890,0.3585541,0.4421058,0.5553590,-0.047942,-0.27352,0.50625,-0.37725,-0.073328,-0.96528,-0.0070242,0.025847,9.6537,4.3606,-8.8558,0.16825,0.0035727,0.003151,0.0028089,0.0091551,0.0091888,0.005171,0.18429,0.36992,0.39486,0.4121,0.90917,0.65707,89.5392,-23.0364,2.6091
05,1,4,red,1,4,lighter,voronoi_red_brighter,47.7831073,-41.9183905,-19.7768008,56.1541980,-48.5576923,-21.0145536,0.3535496,0.4950699,0.5758035,0.3524888,0.4942398,0.5744043,-0.11596,-0.29396,0.53822,-0.11731,-0.11325,-0.94322,-0.024184,0.051512,14.3063,2.2351,-13.6851,0.13865,0.0056828,0.0054188,0.0049891,0.011144,0.011687,0.0068257,0.21674,0.44164,0.44729,0.44389,0.94295,0.65175,90.2807,-8.4966,4.0038
05,2,4,red,1,4,lighter,voronoi_red_brighter,45.7991107,-16.0082066,-17.9670440,53.9086794,-18.9217638,-19.0167134,0.3417086,0.4139417,0.5099267,0.3408227,0.4128960,0.5085649,-0.11596,-0.29396,0.53822,-0.11731,-0.11325,-0.94322,-0.024184,0.051512,14.3063,2.2351,-13.6851,0.13865,0.0056828,0.0054188,0.0049891,0.011144,0.011687,0.0068257,0.21674,0.44164,0.44729,0.44389,0.94295,0.65175,90.2807,-8.4966,4.0038
05,3,4,red,1,4,lighter,voronoi_red_brighter,43.3696644,-12.5040440,-15.6262924,51.1637646,-14.8688778,-16.4356394,0.3060307,0.3605801,0.4337142,0.3053767,0.3598100,0.4326525,-0.11596,-0.29396,0.53822,-0.11731,-0.11325,-0.94322,-0.024184,0.051512,14.3063,2.2351,-13.6851,0.13865,0.0056828,0.0054188,0.0049891,0.011144,0.011687,0.0068257,0.21674,0.44164,0.44729,0.44389,0.94295,0.65175,90.2807,-8.4966,4.0038
05,4,4,red,1,4,lighter,voronoi_red_brighter,52.8495227,-21.5135512,-23.2045347,61.8781251,-25.3450796,-24.7610379,0.4666505,0.5855722,0.7553555,0.4650810,0.5837080,0.7530454,-0.11596,-0.29396,0.53822,-0.11731,-0.11325,-0.94322,-0.024184,0.051512,14.3063,2.2351,-13.6851,0.13865,0.0056828,0.0054188,0.0049891,0.011144,0.011687,0.0068257,0.21674,0.44164,0.44729,0.44389,0.94295,0.65175,90.2807,-8.4966,4.0038
05,1,5,green,1,2,darker,voronoi_diff_dist,25.2584145,-27.7644802,-5.8424900,30.6856469,-31.9809135,-5.8087733,0.0968482,0.1299167,0.1196256,0.0968174,0.1300908,0.1196093,0.44065,-0.34318,0.516,-0.59114,-0.41635,-0.9953,-0.0026358,-0.000261,0.69587,-0.59209,-0.59712,0.13141,0.0004547,0.0004542,0.0002161,0.0065854,0.0064238,0.0023601,0.27927,0.32495,0.12547,2.3459,2.6068,0.92609,89.7665,-43.6833,15.8834
05,2,5,green,1,2,darker,voronoi_diff_dist,29.2655769,-20.2884289,8.1770297,35.2414266,-23.2542921,9.9469012,0.1346431,0.1557220,0.0881714,0.1350781,0.1565865,0.0887492,0.44065,-0.34318,0.516,-0.59114,-0.41635,-0.9953,-0.0026358,-0.000261,0.69587,-0.59209,-0.59712,0.13141,0.0004547,0.0004542,0.0002161,0.0065854,0.0064238,0.0023601,0.27927,0.32495,0.12547,2.3459,2.6068,0.92609,89.7665,-43.6833,15.8834
05,3,5,green,1,2,darker,voronoi_diff_dist,38.9316943,-18.9386372,-9.3536238,46.1543726,-22.0646558,-9.4884112,0.2390899,0.2888258,0.2965387,0.2388861,0.2888100,0.2961961,0.44065,-0.34318,0.516,-0.59114,-0.41635,-0.9953,-0.0026358,-0.000261,0.69587,-0.59209,-0.59712,0.13141,0.0004547,0.0004542,0.0002161,0.0065854,0.0064238,0.0023601,0.27927,0.32495,0.12547,2.3459,2.6068,0.92609,89.7665,-43.6833,15.8834
05,4,5,green,1,2,darker,voronoi_diff_dist,40.9008992,-31.5215467,-1.1346898,48.3972591,-36.2556814,-0.2579285,0.2604557,0.3261724,0.2553014,0.2607631,0.3271316,0.2557077,0.44065,-0.34318,0.516,-0.59114,-0.41635,-0.9953,-0.0026358,-0.000261,0.69587,-0.59209,-0.59712,0.13141,0.0004547,0.0004542,0.0002161,0.0065854,0.0064238,0.0023601,0.27927,0.32495,0.12547,2.3459,2.6068,0.92609,89.7665,-43.6833,15.8834
05,1,6,green,1,2,darker,voronoi_diff_dist_brighter,11.1534854,0.7880168,16.8027663,14.7420162,0.8799316,21.9678292,0.0319137,0.0275910,0.0027080,0.0321218,0.0278984,0.0029483,0.12054,-0.33962,0.52726,-0.60242,-0.41591,-0.98408,-0.011346,0.014043,4.9332,-2.6208,-7.2225,0.066065,0.0015299,0.0016091,0.0013793,0.0064598,0.0063919,0.0026925,0.10748,0.13271,0.076113,0.35116,0.40324,0.16075,90.0276,-44.1682,15.7754
05,2,6,green,1,2,darker,voronoi_diff_dist_brighter,24.8893842,-3.5572265,7.0428582,30.2831226,-4.2358366,8.6105702,0.1048658,0.1049330,0.0664563,0.1051561,0.1053979,0.0667630,0.12054,-0.33962,0.52726,-0.60242,-0.41591,-0.98408,-0.011346,0.014043,4.9332,-2.6208,-7.2225,0.066065,0.0015299,0.0016091,0.0013793,0.0064598,0.0063919,0.0026925,0.10748,0.13271,0.076113,0.35116,0.40324,0.16075,90.0276,-44.1682,15.7754
05,3,6,green,1,2,darker,voronoi_diff_dist_brighter,20.2855359,6.3288636,21.0248349,25.0840559,7.1030637,24.2615817,0.0776902,0.0639343,0.0177952,0.0780972,0.0644917,0.0182713,0.12054,-0.33962,0.52726,-0.60242,-0.41591,-0.98408,-0.011346,0.014043,4.9332,-2.6208,-7.2225,0.066065,0.0015299,0.0016091,0.0013793,0.0064598,0.0063919,0.0026925,0.10748,0.13271,0.076113,0.35116,0.40324,0.16075,90.0276,-44.1682,15.7754
05,4,6,green,1,2,darker,voronoi_diff_dist_brighter,0.0000000,0.0000000,0.0000000,0.0000000,0.0000000,0.0000000,0.0000000,0.0000000,0.0000000,0.0000000,0.0000000,0.0000000,0.12054,-0.33962,0.52726,-0.60242,-0.41591,-0.98408,-0.011346,0.014043,4.9332,-2.6208,-7.2225,0.066065,0.0015299,0.0016091,0.0013793,0.0064598,0.0063919,0.0026925,0.10748,0.13271,0.076113,0.35116,0.40324,0.16075,90.0276,-44.1682,15.7754
05,1,7,green,3,1,lighter,voronoi_diff_dist,71.5160997,-12.9578403,75.4555170,83.1062493,-14.7501194,85.4427684,1.0390298,0.9783323,0.0943357,1.0456279,0.9889949,0.1026843,0.077379,-0.24646,0.5958,0.36313,-1.4321,-0.98908,0.0031491,-0.0034396,2.6377,1.6166,0.1857,0.58987,0.0011787,0.0008666,0.0003831,0.0086156,0.0068135,0.002181,0.62755,0.55302,0.21437,2.9445,2.6846,0.85765,91.5906,-6.2003,73.7937
05,2,7,green,3,1,lighter,voronoi_diff_dist,52.2861666,-2.9838852,29.3664467,61.3111587,-3.5821187,34.0253749,0.4969551,0.4661489,0.1756805,0.4991807,0.4696520,0.1783376,0.077379,-0.24646,0.5958,0.36313,-1.4321,-0.98908,0.0031491,-0.0034396,2.6377,1.6166,0.1857,0.58987,0.0011787,0.0008666,0.0003831,0.0086156,0.0068135,0.002181,0.62755,0.55302,0.21437,2.9445,2.6846,0.85765,91.5906,-6.2003,73.7937
05,3,7,green,3,1,lighter,voronoi_diff_dist,37.8077379,-0.1290638,46.9766334,44.9322872,-0.1900715,53.2233987,0.2472358,0.2171897,0.0212441,0.2487633,0.2195240,0.0231204,0.077379,-0.24646,0.5958,0.36313,-1.4321,-0.98908,0.0031491,-0.0034396,2.6377,1.6166,0.1857,0.58987,0.0011787,0.0008666,0.0003831,0.0086156,0.0068135,0.002181,0.62755,0.55302,0.21437,2.9445,2.6846,0.85765,91.5906,-6.2003,73.7937
05,4,7,green,3,1,lighter,voronoi_diff_dist,55.6697192,-1.9450672,43.7494677,65.1506295,-2.3382961,50.0807501,0.5790274,0.5266605,0.1256510,0.5820970,0.5314567,0.1294558,0.077379,-0.24646,0.5958,0.36313,-1.4321,-0.98908,0.0031491,-0.0034396,2.6377,1.6166,0.1857,0.58987,0.0011787,0.0008666,0.0003831,0.0086156,0.0068135,0.002181,0.62755,0.55302,0.21437,2.9445,2.6846,0.85765,91.5906,-6.2003,73.7937
05,1,8,green,3,1,lighter,voronoi_diff_dist_brighter,33.9435966,-14.5290836,7.7550665,40.5329778,-16.7540898,9.5669862,0.1848851,0.2023919,0.1248563,0.1853994,0.2033488,0.1254731,-0.09069,-0.23871,0.59841,0.48586,-1.6133,-0.93276,0.029342,0.0063206,16.3119,12.4002,-5.3711,0.32887,0.0074399,0.0051836,0.0035597,0.013297,0.0096348,0.0037251,0.46252,0.39183,0.1951,0.74282,0.62886,0.23457,91.6493,-2.8819,93.8236
05,2,8,green,3,1,lighter,voronoi_diff_dist_brighter,26.2495722,-22.7280920,5.5906816,31.8247829,-26.0485683,6.9971838,0.1078285,0.1299447,0.0788128,0.1081192,0.1306001,0.0792578,-0.09069,-0.23871,0.59841,0.48586,-1.6133,-0.93276,0.029342,0.0063206,16.3119,12.4002,-5.3711,0.32887,0.0074399,0.0051836,0.0035597,0.013297,0.0096348,0.0037251,0.46252,0.39183,0.1951,0.74282,0.62886,0.23457,91.6493,-2.8819,93.8236
05,3,8,green,3,1,lighter,voronoi_diff_dist_brighter,24.6710948,-15.9758848,33.4510234,30.0596486,-18.1221834,38.9167825,0.1004915,0.1049245,0.0099182,0.1011824,0.1060970,0.0107996,-0.09069,-0.23871,0.59841,0.48586,-1.6133,-0.93276,0.029342,0.0063206,16.3119,12.4002,-5.3711,0.32887,0.0074399,0.0051836,0.0035597,0.013297,0.0096348,0.0037251,0.46252,0.39183,0.1951,0.74282,0.62886,0.23457,91.6493,-2.8819,93.8236
05,4,8,green,3,1,lighter,voronoi_diff_dist_brighter,37.8162678,-12.1907311,-2.1692866,44.9017215,-14.2572698,-1.4631555,0.2310581,0.2575124,0.2245477,0.2312394,0.2579762,0.2246682,-0.09069,-0.23871,0.59841,0.48586,-1.6133,-0.93276,0.029342,0.0063206,16.3119,12.4002,-5.3711,0.32887,0.0074399,0.0051836,0.0035597,0.013297,0.0096348,0.0037251,0.46252,0.39183,0.1951,0.74282,0.62886,0.23457,91.6493,-2.8819,93.8236
05,1,9,green,3,4,darker,voronoi_yellow,35.9014172,-19.8395010,-1.5962062,42.7366321,-22.9379024,-0.8597553,0.2024876,0.2392225,0.1977834,0.2026806,0.2397875,0.1979861,-0.14599,-0.27593,0.53254,-0.29874,-0.14059,-0.9839,-0.0023393,-0.0043429,4.9585,-1.8342,2.0689,0.45513,0.0016432,0.0014174,0.0005933,0.0071188,0.0063936,0.0031981,0.14952,0.17621,0.2331,0.48352,0.56338,0.90849,90.1497,-19.4382,5.0104
05,2,9,green,3,4,darker,voronoi_yellow,42.5027728,-26.0296971,-12.4695954,50.1892433,-30.2254896,-12.9216001,0.2835504,0.3596064,0.3832826,0.2831121,0.3593958,0.3826922,-0.14599,-0.27593,0.53254,-0.29874,-0.14059,-0.9839,-0.0023393,-0.0043429,4.9585,-1.8342,2.0689,0.45513,0.0016432,0.0014174,0.0005933,0.0071188,0.0063936,0.0031981,0.14952,0.17621,0.2331,0.48352,0.56338,0.90849,90.1497,-19.4382,5.0104
05,3,9,green,3,4,darker,voronoi_yellow,51.3830383,-14.5820851,7.7316163,60.2692402,-16.9398499,9.8557257,0.4583715,0.4908740,0.3321613,0.4594355,0.4928651,0.3333724,-0.14599,-0.27593,0.53254,-0.29874,-0.14059,-0.9839,-0.0023393,-0.0043429,4.9585,-1.8342,2.0689,0.45513,0.0016432,0.0014174,0.0005933,0.0071188,0.0063936,0.0031981,0.14952,0.17621,0.2331,0.48352,0.56338,0.90849,90.1497,-19.4382,5.0104
05,4,9,green,3,4,darker,voronoi_yellow,42.1008000,-8.7269569,12.5455324,49.7685831,-10.1731300,15.0695021,0.2984016,0.3044479,0.1743287,0.2993386,0.3060447,0.1754383,-0.14599,-0.27593,0.53254,-0.29874,-0.14059,-0.9839,-0.0023393,-0.0043429,4.9585,-1.8342,2.0689,0.45513,0.0016432,0.0014174,0.0005933,0.0071188,0.0063936,0.0031981,0.14952,0.17621,0.2331,0.48352,0.56338,0.90849,90.1497,-19.4382,5.0104
06,1,1,red,1,2,lighter,voronoi_green,41.6432419,-34.3521249,14.8148513,49.2575864,-39.2346502,17.5797228,0.2733602,0.3283497,0.1550547,0.2744273,0.3305224,0.1564828,0.23821,-0.3476,0.5208,0.077882,-0.48648,-0.93213,-0.05759,-0.044478,15.8444,-30.8237,11.3851,0.023273,0.0062325,0.0068822,0.0013424,0.012457,0.013112,0.0028739,0.47881,0.58704,0.29919,0.8018,0.98108,0.52748,89.8778,-4.6547,18.8289
06,2,1,red,1,2,lighter,voronoi_green,51.7488588,-40.0766696,20.5491325,60.7007300,-45.7294407,24.1574904,0.4449813,0.5296542,0.2276026,0.4468465,0.5333725,0.2301559,0.23821,-0.3476,0.5208,0.077882,-0.48648,-0.93213,-0.05759,-0.044478,15.8444,-30.8237,11.3851,0.023273,0.0062325,0.0068822,0.0013424,0.012457,0.013112,0.0028739,0.47881,0.58704,0.29919,0.8018,0.98108,0.52748,89.8778,-4.6547,18.8289
06,3,1,red,1,2,lighter,voronoi_green,51.9864316,-40.7193659,17.1728994,60.9669193,-46.5057564,20.3956541,0.4482215,0.5393294,0.2567925,0.4499504,0.5428603,0.2591280,0.23821,-0.3476,0.5208,0.077882,-0.48648,-0.93213,-0.05759,-0.044478,15.8444,-30.8237,11.3851,0.023273,0.0062325,0.0068822,0.0013424,0.012457,0.013112,0.0028739,0.47881,0.58704,0.29919,0.8018,0.98108,0.52748,89.8778,-4.6547,18.8289
06,4,1,red,1,2,lighter,voronoi_green,53.0952945,-39.2420049,20.7020833,62.2249518,-44.7927759,24.3529162,0.4734876,0.5594301,0.2435268,0.4754623,0.5633547,0.2462211,0.23821,-0.3476,0.5208,0.077882,-0.48648,-0.93213,-0.05759,-0.044478,15.8444,-30.8237,11.3851,0.023273,0.0062325,0.0068822,0.0013424,0.012457,0.013112,0.0028739,0.47881,0.58704,0.29919,0.8018,0.98108,0.52748,89.8778,-4.6547,18.8289
06,1,2,red,1,2,lighter,voronoi_green_brighter,56.5945652,-43.0125182,22.3081339,66.1876282,-49.0772865,26.2090027,0.5474768,0.6514499,0.2775434,0.5498034,0.6560879,0.2806992,0.13811,-0.34988,0.55359,-0.039668,-0.53774,-0.88519,-0.10191,-0.082056,23.617,-44.9818,17.7869,0.017743,0.010471,0.011721,0.0019728,0.0147,0.015811,0.0030783,0.56317,0.69208,0.31357,0.77206,0.96507,0.45356,90.6334,-12.0446,20.7234
06,2,2,red,1,2,lighter,voronoi_green_brighter,45.2391043,-35.6521637,11.7105495,53.3241620,-40.7753176,14.1753034,0.3273600,0.3959839,0.2133069,0.3284514,0.3982789,0.2147892,0.13811,-0.34988,0.55359,-0.039668,-0.53774,-0.88519,-0.10191,-0.082056,23.617,-44.9818,17.7869,0.017743,0.010471,0.011721,0.0019728,0.0147,0.015811,0.0030783,0.56317,0.69208,0.31357,0.77206,0.96507,0.45356,90.6334,-12.0446,20.7234
06,3,2,red,1,2,lighter,voronoi_green_brighter,0.0000000,0.0000000,0.0000000,0.0000000,0.0000000,0.0000000,0.0000000,0.0000000,0.0000000,0.0000000,0.0000000,0.0000000,0.13811,-0.34988,0.55359,-0.039668,-0.53774,-0.88519,-0.10191,-0.082056,23.617,-44.9818,17.7869,0.017743,0.010471,0.011721,0.0019728,0.0147,0.015811,0.0030783,0.56317,0.69208,0.31357,0.77206,0.96507,0.45356,90.6334,-12.0446,20.7234
06,4,2,red,1,2,lighter,voronoi_green_brighter,51.1325538,-37.9594479,14.7434692,59.9973708,-43.3960667,17.6723690,0.4328505,0.5179608,0.2651337,0.4343929,0.5211351,0.2671959,0.13811,-0.34988,0.55359,-0.039668,-0.53774,-0.88519,-0.10191,-0.082056,23.617,-44.9818,17.7869,0.017743,0.010471,0.011721,0.0019728,0.0147,0.015811,0.0030783,0.56317,0.69208,0.31357,0.77206,0.96507,0.45356,90.6334,-12.0446,20.7234
06,1,3,red,1,4,lighter,voronoi_red,38.7520814,13.2972911,-33.5422727,45.8908871,14.2647983,-36.6181550,0.2514521,0.2748564,0.5575337,0.2494094,0.2715149,0.5544288,-0.047942,-0.27352,0.50625,-0.37725,-0.073328,-0.96528,-0.0070242,0.025847,9.6537,4.3606,-8.8558,0.16825,0.0035727,0.003151,0.0028089,0.0091551,0.0091888,0.005171,0.18429,0.36992,0.39486,0.4121,0.90917,0.65707,89.5392,-23.0364,2.6091
06,2,3,red,1,4,lighter,voronoi_red,27.5678169,11.8321994,-32.3389403,33.2309905,12.6785927,-35.4871002,0.1255153,0.1433635,0.3307076,0.1241473,0.1411445,0.3287198,-0.047942,-0.27352,0.50625,-0.37725,-0.073328,-0.96528,-0.0070242,0.025847,9.6537,4.3606,-8.8558,0.16825,0.0035727,0.003151,0.0028089,0.0091551,0.0091888,0.005171,0.18429,0.36992,0.39486,0.4121,0.90917,0.65707,89.5392,-23.0364,2.6091
06,3,3,red,1,4,lighter,voronoi_red,33.6169874,17.4266959,-41.4788852,40.0523682,18.8580843,-45.6388407,0.1861160,0.2137526,0.5468208,0.1836924,0.2098039,0.5432753,-0.047942,-0.27352,0.50625,-0.37725,-0.073328,-0.96528,-0.0070242,0.025847,9.6537,4.3606,-8.8558,0.16825,0.0035727,0.003151,0.0028089,0.0091551,0.0091888,0.005171,0.18429,0.36992,0.39486,0.4121,0.90917,0.65707,89.5392,-23.0364,2.6091
06,4,3,red,1,4,lighter,voronoi_red,39.7566230,-21.0980756,-26.5958290,47.0524190,-24.9080167,-28.8055846,0.2419897,0.3263242,0.4896847,0.2405705,0.3244885,0.4876834,-0.047942,-0.27352,0.50625,-0.37725,-0.073328,-0.96528,-0.0070242,0.025847,9.6537,4.3606,-8.8558,0.16825,0.0035727,0.003151,0.0028089,0.0091551,0.0091888,0.005171,0.18429,0.36992,0.39486,0.4121,0.90917,0.65707,89.5392,-23.0364,2.6091
06,1,4,red,1,4,lighter,voronoi_red_brighter,37.4564696,-31.2247858,-25.2032521,44.4536760,-36.4689212,-27.2861598,0.2069227,0.2985732,0.4278541,0.2057204,0.2971574,0.4261718,-0.11596,-0.29396,0.53822,-0.11731,-0.11325,-0.94322,-0.024184,0.051512,14.3063,2.2351,-13.6851,0.13865,0.0056828,0.0054188,0.0049891,0.011144,0.011687,0.0068257,0.21674,0.44164,0.44729,0.44389,0.94295,0.65175,90.2807,-8.4966,4.0038
06,2,4,red,1,4,lighter,voronoi_red_brighter,44.1191117,9.2671758,-41.0608085,51.9471437,9.4841942,-44.9605338,0.3247848,0.3820462,0.8069397,0.3216332,0.3770582,0.8022665,-0.11596,-0.29396,0.53822,-0.11731,-0.11325,-0.94322,-0.024184,0.051512,14.3063,2.2351,-13.6851,0.13865,0.0056828,0.0054188,0.0049891,0.011144,0.011687,0.0068257,0.21674,0.44164,0.44729,0.44389,0.94295,0.65175,90.2807,-8.4966,4.0038
06,3,4,red,1,4,lighter,voronoi_red_brighter,41.4280428,4.4952618,-35.2564368,48.9164579,4.1638154,-38.4945025,0.2813741,0.3326973,0.6438714,0.2790203,0.3290294,0.6403937,-0.11596,-0.29396,0.53822,-0.11731,-0.11325,-0.94322,-0.024184,0.051512,14.3063,2.2351,-13.6851,0.13865,0.0056828,0.0054188,0.0049891,0.011144,0.011687,0.0068257,0.21674,0.44164,0.44729,0.44389,0.94295,0.65175,90.2807,-8.4966,4.0038
06,4,4,red,1,4,lighter,voronoi_red_brighter,43.2655228,-4.1932728,-26.7014957,51.0193634,-5.5992463,-28.8574371,0.3064049,0.3628474,0.5678185,0.3047988,0.3604787,0.5653809,-0.11596,-0.29396,0.53822,-0.11731,-0.11325,-0.94322,-0.024184,0.051512,14.3063,2.2351,-13.6851,0.13865,0.0056828,0.0054188,0.0049891,0.011144,0.011687,0.0068257,0.21674,0.44164,0.44729,0.44389,0.94295,0.65175,90.2807,-8.4966,4.0038
06,1,5,green,1,2,darker,voronoi_diff_dist,27.9521049,-29.8199649,-5.6451655,33.7364464,-34.3364252,-5.5344767,0.1171130,0.1568325,0.1415033,0.1171065,0.1570930,0.1414696,0.44065,-0.34318,0.516,-0.59114,-0.41635,-0.9953,-0.0026358,-0.000261,0.69587,-0.59209,-0.59712,0.13141,0.0004547,0.0004542,0.0002161,0.0065854,0.0064238,0.0023601,0.27927,0.32495,0.12547,2.3459,2.6068,0.92609,89.7665,-43.6833,15.8834
06,2,5,green,1,2,darker,voronoi_diff_dist,40.0924104,-30.5005119,-11.9691993,47.4637181,-35.3058437,-12.4011770,0.2463628,0.3232607,0.3377323,0.2460112,0.3231838,0.3371967,0.44065,-0.34318,0.516,-0.59114,-0.41635,-0.9953,-0.0026358,-0.000261,0.69587,-0.59209,-0.59712,0.13141,0.0004547,0.0004542,0.0002161,0.0065854,0.0064238,0.0023601,0.27927,0.32495,0.12547,2.3459,2.6068,0.92609,89.7665,-43.6833,15.8834
06,3,5,green,1,2,darker,voronoi_diff_dist,42.1633568,-31.6964931,-2.9383816,49.8231605,-36.4956473,-2.2522969,0.2779659,0.3495837,0.2876768,0.2781622,0.3504051,0.2879526,0.44065,-0.34318,0.516,-0.59114,-0.41635,-0.9953,-0.0026358,-0.000261,0.69587,-0.59209,-0.59712,0.13141,0.0004547,0.0004542,0.0002161,0.0065854,0.0064238,0.0023601,0.27927,0.32495,0.12547,2.3459,2.6068,0.92609,89.7665,-43.6833,15.8834
06,4,5,green,1,2,darker,voronoi_diff_dist,46.0485622,-32.6098377,3.3209860,54.2297712,-37.4521278,4.8203685,0.3406319,0.4155085,0.2899761,0.3412766,0.4171102,0.2908155,0.44065,-0.34318,0.516,-0.59114,-0.41635,-0.9953,-0.0026358,-0.000261,0.69587,-0.59209,-0.59712,0.13141,0.0004547,0.0004542,0.0002161,0.0065854,0.0064238,0.0023601,0.27927,0.32495,0.12547,2.3459,2.6068,0.92609,89.7665,-43.6833,15.8834
06,1,6,green,1,2,darker,voronoi_diff_dist_brighter,34.4539647,3.4952675,1.8246102,41.0996374,3.6498858,2.9518137,0.2008283,0.1924834,0.1620957,0.2011252,0.1928772,0.1623166,0.12054,-0.33962,0.52726,-0.60242,-0.41591,-0.98408,-0.011346,0.014043,4.9332,-2.6208,-7.2225,0.066065,0.0015299,0.0016091,0.0013793,0.0064598,0.0063919,0.0026925,0.10748,0.13271,0.076113,0.35116,0.40324,0.16075,90.0276,-44.1682,15.7754
06,2,6,green,1,2,darker,voronoi_diff_dist_brighter,52.2946580,-4.4518263,17.9686926,61.3091073,-5.3361568,21.3121732,0.4923424,0.4793577,0.2569064,0.4939865,0.4820191,0.2588341,0.12054,-0.33962,0.52726,-0.60242,-0.41591,-0.98408,-0.011346,0.014043,4.9332,-2.6208,-7.2225,0.066065,0.0015299,0.0016091,0.0013793,0.0064598,0.0063919,0.0026925,0.10748,0.13271,0.076113,0.35116,0.40324,0.16075,90.0276,-44.1682,15.7754
06,3,6,green,1,2,darker,voronoi_diff_dist_brighter,43.8022520,-3.5517210,0.6722402,51.6784935,-4.4362736,1.8276783,0.3267674,0.3347139,0.2818614,0.3271759,0.3353962,0.2821488,0.12054,-0.33962,0.52726,-0.60242,-0.41591,-0.98408,-0.011346,0.014043,4.9332,-2.6208,-7.2225,0.066065,0.0015299,0.0016091,0.0013793,0.0064598,0.0063919,0.0026925,0.10748,0.13271,0.076113,0.35116,0.40324,0.16075,90.0276,-44.1682,15.7754
06,4,6,green,1,2,darker,voronoi_diff_dist_brighter,33.8048959,-1.4763519,9.7087131,40.3768575,-1.9115385,11.7529958,0.1915011,0.1858016,0.1148559,0.1920603,0.1866713,0.1154544,0.12054,-0.33962,0.52726,-0.60242,-0.41591,-0.98408,-0.011346,0.014043,4.9332,-2.6208,-7.2225,0.066065,0.0015299,0.0016091,0.0013793,0.0064598,0.0063919,0.0026925,0.10748,0.13271,0.076113,0.35116,0.40324,0.16075,90.0276,-44.1682,15.7754
06,1,7,green,3,1,lighter,voronoi_diff_dist,51.6697565,5.1985726,11.4664536,60.5934439,5.5594163,14.0452653,0.4884467,0.4525643,0.3037423,0.4896637,0.4543379,0.3049905,0.077379,-0.24646,0.5958,0.36313,-1.4321,-0.98908,0.0031491,-0.0034396,2.6377,1.6166,0.1857,0.58987,0.0011787,0.0008666,0.0003831,0.0086156,0.0068135,0.002181,0.62755,0.55302,0.21437,2.9445,2.6846,0.85765,91.5906,-6.2003,73.7937
06,2,7,green,3,1,lighter,voronoi_diff_dist,46.5935742,-11.4910712,24.2349762,54.8656139,-13.2302468,28.1872852,0.3737216,0.3757527,0.1494037,0.3753557,0.3785008,0.1514312,0.077379,-0.24646,0.5958,0.36313,-1.4321,-0.98908,0.0031491,-0.0034396,2.6377,1.6166,0.1857,0.58987,0.0011787,0.0008666,0.0003831,0.0086156,0.0068135,0.002181,0.62755,0.55302,0.21437,2.9445,2.6846,0.85765,91.5906,-6.2003,73.7937
06,3,7,green,3,1,lighter,voronoi_diff_dist,48.5372867,0.1422132,11.3119834,57.0502270,-0.1583332,13.8124422,0.4185011,0.4015924,0.2601101,0.4196163,0.4033179,0.2612936,0.077379,-0.24646,0.5958,0.36313,-1.4321,-0.98908,0.0031491,-0.0034396,2.6377,1.6166,0.1857,0.58987,0.0011787,0.0008666,0.0003831,0.0086156,0.0068135,0.002181,0.62755,0.55302,0.21437,2.9445,2.6846,0.85765,91.5906,-6.2003,73.7937
06,4,7,green,3,1,lighter,voronoi_diff_dist,46.5102001,-4.0356911,24.7797734,54.7700348,-4.7708795,28.8009636,0.3794957,0.3612616,0.1460410,0.3811466,0.3638728,0.1479903,0.077379,-0.24646,0.5958,0.36313,-1.4321,-0.98908,0.0031491,-0.0034396,2.6377,1.6166,0.1857,0.58987,0.0011787,0.0008666,0.0003831,0.0086156,0.0068135,0.002181,0.62755,0.55302,0.21437,2.9445,2.6846,0.85765,91.5906,-6.2003,73.7937
06,1,8,green,3,1,lighter,voronoi_diff_dist_brighter,41.5659824,-11.2738407,12.2760316,49.1639839,-13.0635175,14.7553438,0.2881115,0.2999161,0.1703616,0.2890059,0.3014938,0.1714578,-0.09069,-0.23871,0.59841,0.48586,-1.6133,-0.93276,0.029342,0.0063206,16.3119,12.4002,-5.3711,0.32887,0.0074399,0.0051836,0.0035597,0.013297,0.0096348,0.0037251,0.46252,0.39183,0.1951,0.74282,0.62886,0.23457,91.6493,-2.8819,93.8236
06,2,8,green,3,1,lighter,voronoi_diff_dist_brighter,42.7251465,-13.0773751,17.5565023,50.4821557,-15.0651324,20.6698414,0.3057218,0.3169718,0.1506815,0.3069275,0.3190538,0.1521422,-0.09069,-0.23871,0.59841,0.48586,-1.6133,-0.93276,0.029342,0.0063206,16.3119,12.4002,-5.3711,0.32887,0.0074399,0.0051836,0.0035597,0.013297,0.0096348,0.0037251,0.46252,0.39183,0.1951,0.74282,0.62886,0.23457,91.6493,-2.8819,93.8236
06,3,8,green,3,1,lighter,voronoi_diff_dist_brighter,51.4876635,-31.6739581,42.2197963,60.4201989,-35.9988777,48.2515637,0.4521649,0.4946837,0.0983304,0.4548492,0.4995015,0.1019232,-0.09069,-0.23871,0.59841,0.48586,-1.6133,-0.93276,0.029342,0.0063206,16.3119,12.4002,-5.3711,0.32887,0.0074399,0.0051836,0.0035597,0.013297,0.0096348,0.0037251,0.46252,0.39183,0.1951,0.74282,0.62886,0.23457,91.6493,-2.8819,93.8236
06,4,8,green,3,1,lighter,voronoi_diff_dist_brighter,37.1842000,-20.1452860,27.0534308,44.2191395,-22.9581878,31.1320229,0.2234656,0.2393425,0.0672624,0.2246397,0.2414221,0.0688336,-0.09069,-0.23871,0.59841,0.48586,-1.6133,-0.93276,0.029342,0.0063206,16.3119,12.4002,-5.3711,0.32887,0.0074399,0.0051836,0.0035597,0.013297,0.0096348,0.0037251,0.46252,0.39183,0.1951,0.74282,0.62886,0.23457,91.6493,-2.8819,93.8236
06,1,9,green,3,4,darker,voronoi_yellow,38.4144881,-19.5512770,30.5177153,45.6144667,-22.2641171,35.0004567,0.2403784,0.2539602,0.0625176,0.2417032,0.2562698,0.0642809,-0.14599,-0.27593,0.53254,-0.29874,-0.14059,-0.9839,-0.0023393,-0.0043429,4.9585,-1.8342,2.0689,0.45513,0.0016432,0.0014174,0.0005933,0.0071188,0.0063936,0.0031981,0.14952,0.17621,0.2331,0.48352,0.56338,0.90849,90.1497,-19.4382,5.0104
06,2,9,green,3,4,darker,voronoi_yellow,43.7275038,-23.6283710,19.2919140,51.6203986,-27.0221720,22.6185375,0.3136837,0.3470562,0.1497774,0.3150231,0.3495138,0.1514824,-0.14599,-0.27593,0.53254,-0.29874,-0.14059,-0.9839,-0.0023393,-0.0043429,4.9585,-1.8342,2.0689,0.45513,0.0016432,0.0014174,0.0005933,0.0071188,0.0063936,0.0031981,0.14952,0.17621,0.2331,0.48352,0.56338,0.90849,90.1497,-19.4382,5.0104
06,3,9,green,3,4,darker,voronoi_yellow,45.2060748,-21.0135652,25.7876240,53.2976031,-24.0058819,29.8800844,0.3414174,0.3648010,0.1281839,0.3430298,0.3676823,0.1303223,-0.14599,-0.27593,0.53254,-0.29874,-0.14059,-0.9839,-0.0023393,-0.0043429,4.9585,-1.8342,2.0689,0.45513,0.0016432,0.0014174,0.0005933,0.0071188,0.0063936,0.0031981,0.14952,0.17621,0.2331,0.48352,0.56338,0.90849,90.1497,-19.4382,5.0104
06,4,9,green,3,4,darker,voronoi_yellow,48.3538010,-20.5981078,3.8485060,56.8369762,-23.8011894,5.4549030,0.3917729,0.4426362,0.3205050,0.3925042,0.4441937,0.3213490,-0.14599,-0.27593,0.53254,-0.29874,-0.14059,-0.9839,-0.0023393,-0.0043429,4.9585,-1.8342,2.0689,0.45513,0.0016432,0.0014174,0.0005933,0.0071188,0.0063936,0.0031981,0.14952,0.17621,0.2331,0.48352,0.56338,0.90849,90.1497,-19.4382,5.0104
re,1,1,red,1,2,lighter,voronoi_green,31.1683924,-19.6039634,-1.5212910,37.3802056,-22.6319648,-0.8639497,0.1512241,0.1809354,0.1488020,0.1513724,0.1813725,0.1490035,0.23821,-0.3476,0.5208,0.077882,-0.48648,-0.93213,-0.05759,-0.044478,15.8444,-30.8237,11.3851,0.023273,0.0062325,0.0068822,0.0013424,0.012457,0.013112,0.0028739,0.47881,0.58704,0.29919,0.8018,0.98108,0.52748,89.8778,-4.6547,18.8289
re,2,1,red,1,2,lighter,voronoi_green,34.9505214,-21.2849990,-4.9420916,41.6568483,-24.6366195,-4.6196898,0.1897057,0.2308527,0.2095808,0.1897361,0.2311784,0.2095907,0.23821,-0.3476,0.5208,0.077882,-0.48648,-0.93213,-0.05759,-0.044478,15.8444,-30.8237,11.3851,0.023273,0.0062325,0.0068822,0.0013424,0.012457,0.013112,0.0028739,0.47881,0.58704,0.29919,0.8018,0.98108,0.52748,89.8778,-4.6547,18.8289
re,3,1,red,1,2,lighter,voronoi_green,37.4736429,-19.3871536,-1.5496639,44.5159058,-22.4314940,-0.7790704,0.2221320,0.2603904,0.2156771,0.2223447,0.2610026,0.2158945,0.23821,-0.3476,0.5208,0.077882,-0.48648,-0.93213,-0.05759,-0.044478,15.8444,-30.8237,11.3851,0.023273,0.0062325,0.0068822,0.0013424,0.012457,0.013112,0.0028739,0.47881,0.58704,0.29919,0.8018,0.98108,0.52748,89.8778,-4.6547,18.8289
re,4,1,red,1,2,lighter,voronoi_green,30.7583079,-18.9714016,-0.7158677,36.9177076,-21.8986305,0.0329692,0.1476897,0.1753553,0.1407106,0.1478648,0.1758295,0.1409083,0.23821,-0.3476,0.5208,0.077882,-0.48648,-0.93213,-0.05759,-0.044478,15.8444,-30.8237,11.3851,0.023273,0.0062325,0.0068822,0.0013424,0.012457,0.013112,0.0028739,0.47881,0.58704,0.29919,0.8018,0.98108,0.52748,89.8778,-4.6547,18.8289
re,1,2,red,1,2,lighter,voronoi_green_brighter,39.2358803,-25.2218229,-4.3770418,46.5078058,-29.1330355,-3.9114644,0.2406317,0.2955980,0.2590432,0.2407250,0.2961220,0.2591343,0.13811,-0.34988,0.55359,-0.039668,-0.53774,-0.88519,-0.10191,-0.082056,23.617,-44.9818,17.7869,0.017743,0.010471,0.011721,0.0019728,0.0147,0.015811,0.0030783,0.56317,0.69208,0.31357,0.77206,0.96507,0.45356,90.6334,-12.0446,20.7234
re,2,2,red,1,2,lighter,voronoi_green_brighter,41.6875987,-23.5023225,1.9463594,49.2908038,-27.0891952,3.2091787,0.2781146,0.3266856,0.2419575,0.2785832,0.3277909,0.2425010,0.13811,-0.34988,0.55359,-0.039668,-0.53774,-0.88519,-0.10191,-0.082056,23.617,-44.9818,17.7869,0.017743,0.010471,0.011721,0.0019728,0.0147,0.015811,0.0030783,0.56317,0.69208,0.31357,0.77206,0.96507,0.45356,90.6334,-12.0446,20.7234
re,3,2,red,1,2,lighter,voronoi_green_brighter,40.3508705,-25.1133083,-2.2488452,47.7708152,-28.9760359,-1.5149746,0.2565863,0.3109291,0.2570608,0.2567688,0.3116212,0.2573098,0.13811,-0.34988,0.55359,-0.039668,-0.53774,-0.88519,-0.10191,-0.082056,23.617,-44.9818,17.7869,0.017743,0.010471,0.011721,0.0019728,0.0147,0.015811,0.0030783,0.56317,0.69208,0.31357,0.77206,0.96507,0.45356,90.6334,-12.0446,20.7234
re,4,2,red,1,2,lighter,voronoi_green_brighter,48.1320471,-25.0068464,5.9802091,56.5889241,-28.7831336,7.8329835,0.3844197,0.4428386,0.2976822,0.3852650,0.4446587,0.2987306,0.13811,-0.34988,0.55359,-0.039668,-0.53774,-0.88519,-0.10191,-0.082056,23.617,-44.9818,17.7869,0.017743,0.010471,0.011721,0.0019728,0.0147,0.015811,0.0030783,0.56317,0.69208,0.31357,0.77206,0.96507,0.45356,90.6334,-12.0446,20.7234
re,1,3,red,1,4,lighter,voronoi_red,19.8366571,-1.9612533,-12.1497835,24.5347092,-2.6558834,-12.9704195,0.0686282,0.0776201,0.1070151,0.0683968,0.0772901,0.1066661,-0.047942,-0.27352,0.50625,-0.37725,-0.073328,-0.96528,-0.0070242,0.025847,9.6537,4.3606,-8.8558,0.16825,0.0035727,0.003151,0.0028089,0.0091551,0.0091888,0.005171,0.18429,0.36992,0.39486,0.4121,0.90917,0.65707,89.5392,-23.0364,2.6091
re,2,3,red,1,4,lighter,voronoi_red,17.9279695,-2.8990855,-11.6448843,22.3779758,-3.7053027,-12.4319643,0.0579144,0.0664704,0.0913530,0.0577532,0.0662263,0.0910527,-0.047942,-0.27352,0.50625,-0.37725,-0.073328,-0.96528,-0.0070242,0.025847,9.6537,4.3606,-8.8558,0.16825,0.0035727,0.003151,0.0028089,0.0091551,0.0091888,0.005171,0.18429,0.36992,0.39486,0.4121,0.90917,0.65707,89.5392,-23.0364,2.6091
re,3,3,red,1,4,lighter,voronoi_red,21.4025143,10.4014182,-12.2795497,26.3024813,11.4237771,-13.0814500,0.0828719,0.0795886,0.1200558,0.0826167,0.0791143,0.1195899,-0.047942,-0.27352,0.50625,-0.37725,-0.073328,-0.96528,-0.0070242,0.025847,9.6537,4.3606,-8.8558,0.16825,0.0035727,0.003151,0.0028089,0.0091551,0.0091888,0.005171,0.18429,0.36992,0.39486,0.4121,0.90917,0.65707,89.5392,-23.0364,2.6091
re,4,3,red,1,4,lighter,voronoi_red,18.4768258,15.4283952,-11.3301848,22.9931077,17.1743776,-12.0737504,0.0670296,0.0585909,0.0942102,0.0668130,0.0581629,0.0938567,-0.047942,-0.27352,0.50625,-0.37725,-0.073328,-0.96528,-0.0070242,0.025847,9.6537,4.3606,-8.8558,0.16825,0.0035727,0.003151,0.0028089,0.0091551,0.0091888,0.005171,0.18429,0.36992,0.39486,0.4121,0.90917,0.65707,89.5392,-23.0364,2.6091
re,1,4,red,1,4,lighter,voronoi_red_brighter,23.7079436,-17.2674022,-10.7209572,28.9225300,-20.1077658,-11.2974726,0.0883780,0.1135675,0.1309183,0.0881858,0.1134135,0.1306577,-0.11596,-0.29396,0.53822,-0.11731,-0.11325,-0.94322,-0.024184,0.051512,14.3063,2.2351,-13.6851,0.13865,0.0056828,0.0054188,0.0049891,0.011144,0.011687,0.0068257,0.21674,0.44164,0.44729,0.44389,0.94295,0.65175,90.2807,-8.4966,4.0038
re,2,4,red,1,4,lighter,voronoi_red_brighter,0.0000000,0.0000000,0.0000000,0.0000000,0.0000000,0.0000000,0.0000000,0.0000000,0.0000000,0.0000000,0.0000000,0.0000000,-0.11596,-0.29396,0.53822,-0.11731,-0.11325,-0.94322,-0.024184,0.051512,14.3063,2.2351,-13.6851,0.13865,0.0056828,0.0054188,0.0049891,0.011144,0.011687,0.0068257,0.21674,0.44164,0.44729,0.44389,0.94295,0.65175,90.2807,-8.4966,4.0038
re,3,4,red,1,4,lighter,voronoi_red_brighter,25.0845499,-8.4775572,-12.8883858,30.4750009,-10.1313911,-13.6971481,0.1010572,0.1207703,0.1551437,0.1007763,0.1203985,0.1546556,-0.11596,-0.29396,0.53822,-0.11731,-0.11325,-0.94322,-0.024184,0.051512,14.3063,2.2351,-13.6851,0.13865,0.0056828,0.0054188,0.0049891,0.011144,0.011687,0.0068257,0.21674,0.44164,0.44729,0.44389,0.94295,0.65175,90.2807,-8.4966,4.0038
re,4,4,red,1,4,lighter,voronoi_red_brighter,25.7141415,-1.5842644,-13.2916028,31.1869355,-2.2912253,-14.1352082,0.1087361,0.1212565,0.1637777,0.1084448,0.1208281,0.1632783,-0.11596,-0.29396,0.53822,-0.11731,-0.11325,-0.94322,-0.024184,0.051512,14.3063,2.2351,-13.6851,0.13865,0.0056828,0.0054188,0.0049891,0.011144,0.011687,0.0068257,0.21674,0.44164,0.44729,0.44389,0.94295,0.65175,90.2807,-8.4966,4.0038
re,1,5,green,1,2,darker,voronoi_diff_dist,20.8394979,-12.7425328,1.8827333,25.6953699,-14.7129453,2.7695730,0.0731721,0.0836611,0.0610802,0.0733158,0.0839641,0.0612237,0.44065,-0.34318,0.516,-0.59114,-0.41635,-0.9953,-0.0026358,-0.000261,0.69587,-0.59209,-0.59712,0.13141,0.0004547,0.0004542,0.0002161,0.0065854,0.0064238,0.0023601,0.27927,0.32495,0.12547,2.3459,2.6068,0.92609,89.7665,-43.6833,15.8834
re,2,5,green,1,2,darker,voronoi_diff_dist,19.0843204,-15.6010443,-6.2535890,23.6978660,-18.0907715,-6.3722092,0.0613282,0.0770090,0.0781979,0.0612951,0.0770347,0.0781077,0.44065,-0.34318,0.516,-0.59114,-0.41635,-0.9953,-0.0026358,-0.000261,0.69587,-0.59209,-0.59712,0.13141,0.0004547,0.0004542,0.0002161,0.0065854,0.0064238,0.0023601,0.27927,0.32495,0.12547,2.3459,2.6068,0.92609,89.7665,-43.6833,15.8834
re,3,5,green,1,2,darker,voronoi_diff_dist,36.7420616,4.1227129,7.2881001,43.6953700,4.3989375,9.1030058,0.2309727,0.2152954,0.1529132,0.2314784,0.2160361,0.1534317,0.44065,-0.34318,0.516,-0.59114,-0.41635,-0.9953,-0.0026358,-0.000261,0.69587,-0.59209,-0.59712,0.13141,0.0004547,0.0004542,0.0002161,0.0065854,0.0064238,0.0023601,0.27927,0.32495,0.12547,2.3459,2.6068,0.92609,89.7665,-43.6833,15.8834
re,4,5,green,1,2,darker,voronoi_diff_dist,21.2657745,-12.9955849,1.7530224,26.1793862,-15.0005166,2.6264979,0.0756917,0.0867139,0.0636987,0.0758487,0.0870272,0.0638714,0.44065,-0.34318,0.516,-0.59114,-0.41635,-0.9953,-0.0026358,-0.000261,0.69587,-0.59209,-0.59712,0.13141,0.0004547,0.0004542,0.0002161,0.0065854,0.0064238,0.0023601,0.27927,0.32495,0.12547,2.3459,2.6068,0.92609,89.7665,-43.6833,15.8834
re,1,6,green,1,2,darker,voronoi_diff_dist_brighter,17.9109088,-15.6052865,-7.7541637,22.3666345,-18.1198321,-8.0760276,0.0550300,0.0704806,0.0764788,0.0549406,0.0704330,0.0763213,0.12054,-0.33962,0.52726,-0.60242,-0.41591,-0.98408,-0.011346,0.014043,4.9332,-2.6208,-7.2225,0.066065,0.0015299,0.0016091,0.0013793,0.0064598,0.0063919,0.0026925,0.10748,0.13271,0.076113,0.35116,0.40324,0.16075,90.0276,-44.1682,15.7754
re,2,6,green,1,2,darker,voronoi_diff_dist_brighter,19.1057450,-15.5889638,-6.2088196,23.7223437,-18.0763436,-6.3216116,0.0614519,0.0771187,0.0781670,0.0614023,0.0771416,0.0780659,0.12054,-0.33962,0.52726,-0.60242,-0.41591,-0.98408,-0.011346,0.014043,4.9332,-2.6208,-7.2225,0.066065,0.0015299,0.0016091,0.0013793,0.0064598,0.0063919,0.0026925,0.10748,0.13271,0.076113,0.35116,0.40324,0.16075,90.0276,-44.1682,15.7754
re,3,6,green,1,2,darker,voronoi_diff_dist_brighter,19.4355533,-13.3302174,-3.2509947,24.0992605,-15.4508360,-3.0089026,0.0642411,0.0768862,0.0699097,0.0642749,0.0770138,0.0699428,0.12054,-0.33962,0.52726,-0.60242,-0.41591,-0.98408,-0.011346,0.014043,4.9332,-2.6208,-7.2225,0.066065,0.0015299,0.0016091,0.0013793,0.0064598,0.0063919,0.0026925,0.10748,0.13271,0.076113,0.35116,0.40324,0.16075,90.0276,-44.1682,15.7754
re,4,6,green,1,2,darker,voronoi_diff_dist_brighter,14.7708386,-13.9376008,-7.4300391,18.8131689,-16.2033200,-7.7646037,0.0411132,0.0527267,0.0582942,0.0410435,0.0526782,0.0581566,0.12054,-0.33962,0.52726,-0.60242,-0.41591,-0.98408,-0.011346,0.014043,4.9332,-2.6208,-7.2225,0.066065,0.0015299,0.0016091,0.0013793,0.0064598,0.0063919,0.0026925,0.10748,0.13271,0.076113,0.35116,0.40324,0.16075,90.0276,-44.1682,15.7754
re,1,7,green,3,1,lighter,voronoi_diff_dist,35.8042658,1.7460712,6.3223109,42.6342219,1.7012434,8.0039379,0.2170472,0.2074921,0.1493826,0.2175466,0.2082235,0.1498687,0.077379,-0.24646,0.5958,0.36313,-1.4321,-0.98908,0.0031491,-0.0034396,2.6377,1.6166,0.1857,0.58987,0.0011787,0.0008666,0.0003831,0.0086156,0.0068135,0.002181,0.62755,0.55302,0.21437,2.9445,2.6846,0.85765,91.5906,-6.2003,73.7937
re,2,7,green,3,1,lighter,voronoi_diff_dist,17.3982184,-13.7319069,-5.3945707,21.7908130,-15.9349848,-5.4454534,0.0532355,0.0657452,0.0656779,0.0532157,0.0657824,0.0656627,0.077379,-0.24646,0.5958,0.36313,-1.4321,-0.98908,0.0031491,-0.0034396,2.6377,1.6166,0.1857,0.58987,0.0011787,0.0008666,0.0003831,0.0086156,0.0068135,0.002181,0.62755,0.55302,0.21437,2.9445,2.6846,0.85765,91.5906,-6.2003,73.7937
re,3,7,green,3,1,lighter,voronoi_diff_dist,22.1816362,-5.2957904,-0.0558527,27.2108229,-6.2771424,0.6229383,0.0838856,0.0892567,0.0749707,0.0840112,0.0894701,0.0750695,0.077379,-0.24646,0.5958,0.36313,-1.4321,-0.98908,0.0031491,-0.0034396,2.6377,1.6166,0.1857,0.58987,0.0011787,0.0008666,0.0003831,0.0086156,0.0068135,0.002181,0.62755,0.55302,0.21437,2.9445,2.6846,0.85765,91.5906,-6.2003,73.7937
re,4,7,green,3,1,lighter,voronoi_diff_dist,19.1891643,-0.6113926,2.7774012,23.8275402,-0.8996812,3.7396802,0.0672951,0.0665472,0.0507668,0.0674179,0.0667358,0.0508869,0.077379,-0.24646,0.5958,0.36313,-1.4321,-0.98908,0.0031491,-0.0034396,2.6377,1.6166,0.1857,0.58987,0.0011787,0.0008666,0.0003831,0.0086156,0.0068135,0.002181,0.62755,0.55302,0.21437,2.9445,2.6846,0.85765,91.5906,-6.2003,73.7937
re,1,8,green,3,1,lighter,voronoi_diff_dist_brighter,39.6774722,6.9738162,7.7783019,47.0176948,7.6209121,9.7065202,0.2739648,0.2493068,0.1795040,0.2746189,0.2501825,0.1801171,-0.09069,-0.23871,0.59841,0.48586,-1.6133,-0.93276,0.029342,0.0063206,16.3119,12.4002,-5.3711,0.32887,0.0074399,0.0051836,0.0035597,0.013297,0.0096348,0.0037251,0.46252,0.39183,0.1951,0.74282,0.62886,0.23457,91.6493,-2.8819,93.8236
re,2,8,green,3,1,lighter,voronoi_diff_dist_brighter,36.0540146,3.7504303,7.0909101,42.9161627,3.9837964,8.8665899,0.2217972,0.2074582,0.1475529,0.2222868,0.2081713,0.1480784,-0.09069,-0.23871,0.59841,0.48586,-1.6133,-0.93276,0.029342,0.0063206,16.3119,12.4002,-5.3711,0.32887,0.0074399,0.0051836,0.0035597,0.013297,0.0096348,0.0037251,0.46252,0.39183,0.1951,0.74282,0.62886,0.23457,91.6493,-2.8819,93.8236
re,3,8,green,3,1,lighter,voronoi_diff_dist_brighter,36.7420616,4.1227129,7.2881001,43.6953700,4.3989375,9.1030058,0.2309727,0.2152954,0.1529132,0.2314784,0.2160361,0.1534317,-0.09069,-0.23871,0.59841,0.48586,-1.6133,-0.93276,0.029342,0.0063206,16.3119,12.4002,-5.3711,0.32887,0.0074399,0.0051836,0.0035597,0.013297,0.0096348,0.0037251,0.46252,0.39183,0.1951,0.74282,0.62886,0.23457,91.6493,-2.8819,93.8236
re,4,8,green,3,1,lighter,voronoi_diff_dist_brighter,38.4000202,4.1873075,7.6559783,45.5726382,4.4647387,9.5457381,0.2534265,0.2362343,0.1669581,0.2540055,0.2370710,0.1675177,-0.09069,-0.23871,0.59841,0.48586,-1.6133,-0.93276,0.029342,0.0063206,16.3119,12.4002,-5.3711,0.32887,0.0074399,0.0051836,0.0035597,0.013297,0.0096348,0.0037251,0.46252,0.39183,0.1951,0.74282,0.62886,0.23457,91.6493,-2.8819,93.8236
re,1,9,green,3,4,darker,voronoi_yellow,10.0200046,-5.0427896,-9.9090712,13.4036481,-6.2036971,-10.6869539,0.0254768,0.0310484,0.0434982,0.0253735,0.0309093,0.0433833,-0.14599,-0.27593,0.53254,-0.29874,-0.14059,-0.9839,-0.0023393,-0.0043429,4.9585,-1.8342,2.0689,0.45513,0.0016432,0.0014174,0.0005933,0.0071188,0.0063936,0.0031981,0.14952,0.17621,0.2331,0.48352,0.56338,0.90849,90.1497,-19.4382,5.0104
re,2,9,green,3,4,darker,voronoi_yellow,18.4970061,-11.1642007,-2.7324585,23.0390435,-12.9732762,-2.4412220,0.0597961,0.0699344,0.0631753,0.0598374,0.0700545,0.0632079,-0.14599,-0.27593,0.53254,-0.29874,-0.14059,-0.9839,-0.0023393,-0.0043429,4.9585,-1.8342,2.0689,0.45513,0.0016432,0.0014174,0.0005933,0.0071188,0.0063936,0.0031981,0.14952,0.17621,0.2331,0.48352,0.56338,0.90849,90.1497,-19.4382,5.0104
re,3,9,green,3,4,darker,voronoi_yellow,13.0467606,-8.2592468,1.3054422,16.8778731,-9.6008437,1.9869422,0.0361871,0.0404659,0.0303023,0.0362820,0.0406181,0.0303576,-0.14599,-0.27593,0.53254,-0.29874,-0.14059,-0.9839,-0.0023393,-0.0043429,4.9585,-1.8342,2.0689,0.45513,0.0016432,0.0014174,0.0005933,0.0071188,0.0063936,0.0031981,0.14952,0.17621,0.2331,0.48352,0.56338,0.90849,90.1497,-19.4382,5.0104
re,4,9,green,3,4,darker,voronoi_yellow,21.1207166,-4.2481053,2.8839623,26.0134231,-5.0491462,3.8924892,0.0777376,0.0803474,0.0596527,0.0778905,0.0806120,0.0598132,-0.14599,-0.27593,0.53254,-0.29874,-0.14059,-0.9839,-0.0023393,-0.0043429,4.9585,-1.8342,2.0689,0.45513,0.0016432,0.0014174,0.0005933,0.0071188,0.0063936,0.0031981,0.14952,0.17621,0.2331,0.48352,0.56338,0.90849,90.1497,-19.4382,5.0104
re,1,10,green,3,4,darker,voronoi_yellow_brighter,19.7629528,-13.1781346,-0.3560679,24.4745275,-15.2321762,0.2441900,0.0664716,0.0777385,0.0623872,0.0665712,0.0779614,0.0624719,-0.18406,-0.2736,0.53615,-0.32863,-0.13047,-0.97554,-0.002895,-0.0087541,7.4716,-2.579,3.7625,0.28684,0.0025032,0.0021379,0.0008085,0.0074008,0.0066482,0.0032337,0.14669,0.17394,0.2232,0.38689,0.45107,0.72004,90.2329,-20.9651,4.6326
re,2,10,green,3,4,darker,voronoi_yellow_brighter,21.4644504,-3.7396356,1.5023298,26.4012026,-4.4938136,2.3500171,0.0799411,0.0828050,0.0657480,0.0800617,0.0830310,0.0659087,-0.18406,-0.2736,0.53615,-0.32863,-0.13047,-0.97554,-0.002895,-0.0087541,7.4716,-2.579,3.7625,0.28684,0.0025032,0.0021379,0.0008085,0.0074008,0.0066482,0.0032337,0.14669,0.17394,0.2232,0.38689,0.45107,0.72004,90.2329,-20.9651,4.6326
re,3,10,green,3,4,darker,voronoi_yellow_brighter,23.6448657,-13.8371953,1.4934930,28.8710084,-15.9834375,2.3768810,0.0910795,0.1045750,0.0780215,0.0912588,0.1049448,0.0782122,-0.18406,-0.2736,0.53615,-0.32863,-0.13047,-0.97554,-0.002895,-0.0087541,7.4716,-2.579,3.7625,0.28684,0.0025032,0.0021379,0.0008085,0.0074008,0.0066482,0.0032337,0.14669,0.17394,0.2232,0.38689,0.45107,0.72004,90.2329,-20.9651,4.6326
re,4,10,green,3,4,darker,voronoi_yellow_brighter,15.1140345,-4.1704899,-1.7226229,19.2113250,-4.9829891,-1.3675191,0.0452763,0.0487311,0.0445819,0.0453123,0.0488034,0.0445801,-0.18406,-0.2736,0.53615,-0.32863,-0.13047,-0.97554,-0.002895,-0.0087541,7.4716,-2.579,3.7625,0.28684,0.0025032,0.0021379,0.0008085,0.0074008,0.0066482,0.0032337,0.14669,0.17394,0.2232,0.38689,0.45107,0.72004,90.2329,-20.9651,4.6326
