sub_id,trial,img,illum,body,highlow,l,a,b,lrc,redness,wpld,wprg,wpyv,gwld,gwrg,gwyv,gwl,gwa,gwb,hv,mean_cone_l,mean_cone_m,mean_cone_s,sd_cone_l,sd_cone_m,sd_cone_s,wpL,wpA,wpB
01,1,1,white,blue,1,81.754,-26.2051,-10.1669,0.6172,-0.32467,0.53183,-0.28209,0.24552,-0.80945,-0.096157,0.10852,34.5429,-11.0543,-14.0005,0.0016992,0.018438,0.018746,0.016511,0.013447,0.013051,0.010425,90.1332,-9.664,-8.5708
01,2,1,white,blue,1,75.5405,-24.2977,-11.1879,0.6172,-0.32467,0.53183,-0.28209,0.24552,-0.80945,-0.096157,0.10852,34.5429,-11.0543,-14.0005,0.0016992,0.018438,0.018746,0.016511,0.013447,0.013051,0.010425,90.1332,-9.664,-8.5708
01,3,1,white,blue,1,68.6922,-36.5183,-12.8912,0.6172,-0.32467,0.53183,-0.28209,0.24552,-0.80945,-0.096157,0.10852,34.5429,-11.0543,-14.0005,0.0016992,0.018438,0.018746,0.016511,0.013447,0.013051,0.010425,90.1332,-9.664,-8.5708
01,4,1,white,blue,1,70.7035,-33.4171,-10.4476,0.6172,-0.32467,0.53183,-0.28209,0.24552,-0.80945,-0.096157,0.10852,34.5429,-11.0543,-14.0005,0.0016992,0.018438,0.018746,0.016511,0.013447,0.013051,0.010425,90.1332,-9.664,-8.5708
01,5,1,white,blue,1,69.0821,-31.3242,-14.3419,0.6172,-0.32467,0.53183,-0.28209,0.24552,-0.80945,-0.096157,0.10852,34.5429,-11.0543,-14.0005,0.0016992,0.018438,0.018746,0.016511,0.013447,0.013051,0.010425,90.1332,-9.664,-8.5708
01,6,1,white,blue,1,69.9243,-32.0033,-12.6373,0.6172,-0.32467,0.53183,-0.28209,0.24552,-0.80945,-0.096157,0.10852,34.5429,-11.0543,-14.0005,0.0016992,0.018438,0.018746,0.016511,0.013447,0.013051,0.010425,90.1332,-9.664,-8.5708
01,7,1,white,blue,1,73.6551,-20.9561,-8.3058,0.6172,-0.32467,0.53183,-0.28209,0.24552,-0.80945,-0.096157,0.10852,34.5429,-11.0543,-14.0005,0.0016992,0.018438,0.018746,0.016511,0.013447,0.013051,0.010425,90.1332,-9.664,-8.5708
01,8,1,white,blue,1,68.6913,-34.2514,-15.2958,0.6172,-0.32467,0.53183,-0.28209,0.24552,-0.80945,-0.096157,0.10852,34.5429,-11.0543,-14.0005,0.0016992,0.018438,0.018746,0.016511,0.013447,0.013051,0.010425,90.1332,-9.664,-8.5708
01,9,1,white,blue,1,72.4607,-17.8795,-7.664,0.6172,-0.32467,0.53183,-0.28209,0.24552,-0.80945,-0.096157,0.10852,34.5429,-11.0543,-14.0005,0.0016992,0.018438,0.018746,0.016511,0.013447,0.013051,0.010425,90.1332,-9.664,-8.5708
01,10,1,white,blue,1,72.8101,-19.7001,-7.0509,0.6172,-0.32467,0.53183,-0.28209,0.24552,-0.80945,-0.096157,0.10852,34.5429,-11.0543,-14.0005,0.0016992,0.018438,0.018746,0.016511,0.013447,0.013051,0.010425,90.1332,-9.664,-8.5708
01,1,2,white,blue,0,89.1276,-13.8554,-7.1098,0.24101,-0.33898,0.52435,-0.39964,0.34652,-0.58637,-0.28526,0.30833,51.522,-20.6719,-22.3012,0.000942,0.039155,0.042323,0.039666,0.01484,0.015755,0.014378,89.9602,-13.8977,-11.919
01,2,2,white,blue,0,91.5763,-19.2111,-7.4196,0.24101,-0.33898,0.52435,-0.39964,0.34652,-0.58637,-0.28526,0.30833,51.522,-20.6719,-22.3012,0.000942,0.039155,0.042323,0.039666,0.01484,0.015755,0.014378,89.9602,-13.8977,-11.919
01,3,2,white,blue,0,87.0395,-16.8621,-8.4442,0.24101,-0.33898,0.52435,-0.39964,0.34652,-0.58637,-0.28526,0.30833,51.522,-20.6719,-22.3012,0.000942,0.039155,0.042323,0.039666,0.01484,0.015755,0.014378,89.9602,-13.8977,-11.919
01,4,2,white,blue,0,82.7802,-21.1447,-11.6649,0.24101,-0.33898,0.52435,-0.39964,0.34652,-0.58637,-0.28526,0.30833,51.522,-20.6719,-22.3012,0.000942,0.039155,0.042323,0.039666,0.01484,0.015755,0.014378,89.9602,-13.8977,-11.919
01,5,2,white,blue,0,85.0986,-18.4225,-11.6633,0.24101,-0.33898,0.52435,-0.39964,0.34652,-0.58637,-0.28526,0.30833,51.522,-20.6719,-22.3012,0.000942,0.039155,0.042323,0.039666,0.01484,0.015755,0.014378,89.9602,-13.8977,-11.919
01,6,2,white,blue,0,87.1999,-21.7445,-11.1319,0.24101,-0.33898,0.52435,-0.39964,0.34652,-0.58637,-0.28526,0.30833,51.522,-20.6719,-22.3012,0.000942,0.039155,0.042323,0.039666,0.01484,0.015755,0.014378,89.9602,-13.8977,-11.919
01,7,2,white,blue,0,85.615,-8.6844,-6.7972,0.24101,-0.33898,0.52435,-0.39964,0.34652,-0.58637,-0.28526,0.30833,51.522,-20.6719,-22.3012,0.000942,0.039155,0.042323,0.039666,0.01484,0.015755,0.014378,89.9602,-13.8977,-11.919
01,8,2,white,blue,0,78.8671,-26.4962,-12.5279,0.24101,-0.33898,0.52435,-0.39964,0.34652,-0.58637,-0.28526,0.30833,51.522,-20.6719,-22.3012,0.000942,0.039155,0.042323,0.039666,0.01484,0.015755,0.014378,89.9602,-13.8977,-11.919
01,9,2,white,blue,0,87.8842,-21.0027,-8.6941,0.24101,-0.33898,0.52435,-0.39964,0.34652,-0.58637,-0.28526,0.30833,51.522,-20.6719,-22.3012,0.000942,0.039155,0.042323,0.039666,0.01484,0.015755,0.014378,89.9602,-13.8977,-11.919
01,10,2,white,blue,0,83.4687,-20.9204,-15.0794,0.24101,-0.33898,0.52435,-0.39964,0.34652,-0.58637,-0.28526,0.30833,51.522,-20.6719,-22.3012,0.000942,0.039155,0.042323,0.039666,0.01484,0.015755,0.014378,89.9602,-13.8977,-11.919
01,1,3,white,green,1,57.1065,-69.7577,-1.0167,0.53209,-0.34769,0.51647,-0.41403,-0.034084,-0.85355,-0.10668,-0.002021,29.443,-33.7707,0.29131,0.0035886,0.013516,0.014842,0.0081553,0.012272,0.012688,0.0071073,89.7774,-24.7375,1.2636
01,2,3,white,green,1,69.5023,-20.5204,1.9094,0.53209,-0.34769,0.51647,-0.41403,-0.034084,-0.85355,-0.10668,-0.002021,29.443,-33.7707,0.29131,0.0035886,0.013516,0.014842,0.0081553,0.012272,0.012688,0.0071073,89.7774,-24.7375,1.2636
01,3,3,white,green,1,85.915,-12.9511,1.0118,0.53209,-0.34769,0.51647,-0.41403,-0.034084,-0.85355,-0.10668,-0.002021,29.443,-33.7707,0.29131,0.0035886,0.013516,0.014842,0.0081553,0.012272,0.012688,0.0071073,89.7774,-24.7375,1.2636
01,4,3,white,green,1,46.3964,-340.6332,187.4182,0.53209,-0.34769,0.51647,-0.41403,-0.034084,-0.85355,-0.10668,-0.002021,29.443,-33.7707,0.29131,0.0035886,0.013516,0.014842,0.0081553,0.012272,0.012688,0.0071073,89.7774,-24.7375,1.2636
01,5,3,white,green,1,76.0183,-19.5899,1.5851,0.53209,-0.34769,0.51647,-0.41403,-0.034084,-0.85355,-0.10668,-0.002021,29.443,-33.7707,0.29131,0.0035886,0.013516,0.014842,0.0081553,0.012272,0.012688,0.0071073,89.7774,-24.7375,1.2636
01,6,3,white,green,1,75.5366,-25.675,3.4787,0.53209,-0.34769,0.51647,-0.41403,-0.034084,-0.85355,-0.10668,-0.002021,29.443,-33.7707,0.29131,0.0035886,0.013516,0.014842,0.0081553,0.012272,0.012688,0.0071073,89.7774,-24.7375,1.2636
01,7,3,white,green,1,70.2206,-48.8753,3.5556,0.53209,-0.34769,0.51647,-0.41403,-0.034084,-0.85355,-0.10668,-0.002021,29.443,-33.7707,0.29131,0.0035886,0.013516,0.014842,0.0081553,0.012272,0.012688,0.0071073,89.7774,-24.7375,1.2636
01,8,3,white,green,1,73.6799,-22.2619,3.4617,0.53209,-0.34769,0.51647,-0.41403,-0.034084,-0.85355,-0.10668,-0.002021,29.443,-33.7707,0.29131,0.0035886,0.013516,0.014842,0.0081553,0.012272,0.012688,0.0071073,89.7774,-24.7375,1.2636
01,9,3,white,green,1,67.94,-51.1987,2.4738,0.53209,-0.34769,0.51647,-0.41403,-0.034084,-0.85355,-0.10668,-0.002021,29.443,-33.7707,0.29131,0.0035886,0.013516,0.014842,0.0081553,0.012272,0.012688,0.0071073,89.7774,-24.7375,1.2636
01,10,3,white,green,1,74.6829,-25.7088,3.8883,0.53209,-0.34769,0.51647,-0.41403,-0.034084,-0.85355,-0.10668,-0.002021,29.443,-33.7707,0.29131,0.0035886,0.013516,0.014842,0.0081553,0.012272,0.012688,0.0071073,89.7774,-24.7375,1.2636
01,1,4,white,green,0,80.782,-30.9181,0.81441,0.31542,-0.3592,0.50341,-0.53981,-0.044627,-0.66309,-0.30658,-0.041491,46.658,-60.5949,4.2051,0.0026488,0.030171,0.035234,0.016789,0.014836,0.016705,0.0078759,89.4729,-33.0619,1.6677
01,2,4,white,green,0,82.64,-35.9745,6.3895,0.31542,-0.3592,0.50341,-0.53981,-0.044627,-0.66309,-0.30658,-0.041491,46.658,-60.5949,4.2051,0.0026488,0.030171,0.035234,0.016789,0.014836,0.016705,0.0078759,89.4729,-33.0619,1.6677
01,3,4,white,green,0,86.545,-18.8205,5.9031,0.31542,-0.3592,0.50341,-0.53981,-0.044627,-0.66309,-0.30658,-0.041491,46.658,-60.5949,4.2051,0.0026488,0.030171,0.035234,0.016789,0.014836,0.016705,0.0078759,89.4729,-33.0619,1.6677
01,4,4,white,green,0,85.0448,-28.6349,1.457,0.31542,-0.3592,0.50341,-0.53981,-0.044627,-0.66309,-0.30658,-0.041491,46.658,-60.5949,4.2051,0.0026488,0.030171,0.035234,0.016789,0.014836,0.016705,0.0078759,89.4729,-33.0619,1.6677
01,5,4,white,green,0,83.7156,-32.2968,2.3362,0.31542,-0.3592,0.50341,-0.53981,-0.044627,-0.66309,-0.30658,-0.041491,46.658,-60.5949,4.2051,0.0026488,0.030171,0.035234,0.016789,0.014836,0.016705,0.0078759,89.4729,-33.0619,1.6677
01,6,4,white,green,0,81.7406,-22.6582,7.7746,0.31542,-0.3592,0.50341,-0.53981,-0.044627,-0.66309,-0.30658,-0.041491,46.658,-60.5949,4.2051,0.0026488,0.030171,0.035234,0.016789,0.014836,0.016705,0.0078759,89.4729,-33.0619,1.6677
01,7,4,white,green,0,80.6477,-16.8503,2.4361,0.31542,-0.3592,0.50341,-0.53981,-0.044627,-0.66309,-0.30658,-0.041491,46.658,-60.5949,4.2051,0.0026488,0.030171,0.035234,0.016789,0.014836,0.016705,0.0078759,89.4729,-33.0619,1.6677
01,8,4,white,green,0,81.4767,-18.971,5.9396,0.31542,-0.3592,0.50341,-0.53981,-0.044627,-0.66309,-0.30658,-0.041491,46.658,-60.5949,4.2051,0.0026488,0.030171,0.035234,0.016789,0.014836,0.016705,0.0078759,89.4729,-33.0619,1.6677
01,9,4,white,green,0,79.9335,-34.7905,2.4464,0.31542,-0.3592,0.50341,-0.53981,-0.044627,-0.66309,-0.30658,-0.041491,46.658,-60.5949,4.2051,0.0026488,0.030171,0.035234,0.016789,0.014836,0.016705,0.0078759,89.4729,-33.0619,1.6677
01,10,4,white,green,0,80.0751,-37.213,2.1285,0.31542,-0.3592,0.50341,-0.53981,-0.044627,-0.66309,-0.30658,-0.041491,46.658,-60.5949,4.2051,0.0026488,0.030171,0.035234,0.016789,0.014836,0.016705,0.0078759,89.4729,-33.0619,1.6677
01,1,5,white,red,1,58.1396,55.3886,-15.0598,-0.53638,-0.233,0.5886,0.42873,-0.16921,-0.78632,0.13539,-0.046997,36.5843,21.1756,6.955,0.0017124,0.023589,0.015978,0.0096732,0.016443,0.011837,0.0072474,91.4286,18.0535,6.2482
01,2,5,white,red,1,90.1325,8.2074,1.0052,-0.53638,-0.233,0.5886,0.42873,-0.16921,-0.78632,0.13539,-0.046997,36.5843,21.1756,6.955,0.0017124,0.023589,0.015978,0.0096732,0.016443,0.011837,0.0072474,91.4286,18.0535,6.2482
01,3,5,white,red,1,80.6984,19.5334,2.072,-0.53638,-0.233,0.5886,0.42873,-0.16921,-0.78632,0.13539,-0.046997,36.5843,21.1756,6.955,0.0017124,0.023589,0.015978,0.0096732,0.016443,0.011837,0.0072474,91.4286,18.0535,6.2482
01,4,5,white,red,1,83.6391,18.367,4.1226,-0.53638,-0.233,0.5886,0.42873,-0.16921,-0.78632,0.13539,-0.046997,36.5843,21.1756,6.955,0.0017124,0.023589,0.015978,0.0096732,0.016443,0.011837,0.0072474,91.4286,18.0535,6.2482
01,5,5,white,red,1,76.8845,23.9652,10.1575,-0.53638,-0.233,0.5886,0.42873,-0.16921,-0.78632,0.13539,-0.046997,36.5843,21.1756,6.955,0.0017124,0.023589,0.015978,0.0096732,0.016443,0.011837,0.0072474,91.4286,18.0535,6.2482
01,6,5,white,red,1,73.269,29.2227,4.0312,-0.53638,-0.233,0.5886,0.42873,-0.16921,-0.78632,0.13539,-0.046997,36.5843,21.1756,6.955,0.0017124,0.023589,0.015978,0.0096732,0.016443,0.011837,0.0072474,91.4286,18.0535,6.2482
01,7,5,white,red,1,83.8815,9.0438,6.6577,-0.53638,-0.233,0.5886,0.42873,-0.16921,-0.78632,0.13539,-0.046997,36.5843,21.1756,6.955,0.0017124,0.023589,0.015978,0.0096732,0.016443,0.011837,0.0072474,91.4286,18.0535,6.2482
01,8,5,white,red,1,78.4442,12.9511,14.5601,-0.53638,-0.233,0.5886,0.42873,-0.16921,-0.78632,0.13539,-0.046997,36.5843,21.1756,6.955,0.0017124,0.023589,0.015978,0.0096732,0.016443,0.011837,0.0072474,91.4286,18.0535,6.2482
01,9,5,white,red,1,80.7012,13.3085,4.5523,-0.53638,-0.233,0.5886,0.42873,-0.16921,-0.78632,0.13539,-0.046997,36.5843,21.1756,6.955,0.0017124,0.023589,0.015978,0.0096732,0.016443,0.011837,0.0072474,91.4286,18.0535,6.2482
01,10,5,white,red,1,84.4041,9.2673,5.9802,-0.53638,-0.233,0.5886,0.42873,-0.16921,-0.78632,0.13539,-0.046997,36.5843,21.1756,6.955,0.0017124,0.023589,0.015978,0.0096732,0.016443,0.011837,0.0072474,91.4286,18.0535,6.2482
01,1,6,white,red,0,89.0417,14.1933,12.2758,-0.25587,-0.21711,0.57879,0.43893,-0.17298,-0.50737,0.42511,-0.18578,55.6274,35.2398,16.5539,0.0003733,0.055737,0.034494,0.018242,0.020315,0.013165,0.0073013,91.2068,18.5448,6.42
01,2,6,white,red,0,90.5181,14.1505,11.0311,-0.25587,-0.21711,0.57879,0.43893,-0.17298,-0.50737,0.42511,-0.18578,55.6274,35.2398,16.5539,0.0003733,0.055737,0.034494,0.018242,0.020315,0.013165,0.0073013,91.2068,18.5448,6.42
01,3,6,white,red,0,85.7528,21.9953,8.5039,-0.25587,-0.21711,0.57879,0.43893,-0.17298,-0.50737,0.42511,-0.18578,55.6274,35.2398,16.5539,0.0003733,0.055737,0.034494,0.018242,0.020315,0.013165,0.0073013,91.2068,18.5448,6.42
01,4,6,white,red,0,88.1767,12.275,11.6036,-0.25587,-0.21711,0.57879,0.43893,-0.17298,-0.50737,0.42511,-0.18578,55.6274,35.2398,16.5539,0.0003733,0.055737,0.034494,0.018242,0.020315,0.013165,0.0073013,91.2068,18.5448,6.42
01,5,6,white,red,0,85.158,14.5958,8.9171,-0.25587,-0.21711,0.57879,0.43893,-0.17298,-0.50737,0.42511,-0.18578,55.6274,35.2398,16.5539,0.0003733,0.055737,0.034494,0.018242,0.020315,0.013165,0.0073013,91.2068,18.5448,6.42
01,6,6,white,red,0,87.2279,8.8648,9.2019,-0.25587,-0.21711,0.57879,0.43893,-0.17298,-0.50737,0.42511,-0.18578,55.6274,35.2398,16.5539,0.0003733,0.055737,0.034494,0.018242,0.020315,0.013165,0.0073013,91.2068,18.5448,6.42
01,7,6,white,red,0,86.0981,10.2547,10.2902,-0.25587,-0.21711,0.57879,0.43893,-0.17298,-0.50737,0.42511,-0.18578,55.6274,35.2398,16.5539,0.0003733,0.055737,0.034494,0.018242,0.020315,0.013165,0.0073013,91.2068,18.5448,6.42
01,8,6,white,red,0,85.383,13.7165,8.745,-0.25587,-0.21711,0.57879,0.43893,-0.17298,-0.50737,0.42511,-0.18578,55.6274,35.2398,16.5539,0.0003733,0.055737,0.034494,0.018242,0.020315,0.013165,0.0073013,91.2068,18.5448,6.42
01,9,6,white,red,0,86.299,13.6656,9.9083,-0.25587,-0.21711,0.57879,0.43893,-0.17298,-0.50737,0.42511,-0.18578,55.6274,35.2398,16.5539,0.0003733,0.055737,0.034494,0.018242,0.020315,0.013165,0.0073013,91.2068,18.5448,6.42
01,10,6,white,red,0,91.5419,6.3054,5.79,-0.25587,-0.21711,0.57879,0.43893,-0.17298,-0.50737,0.42511,-0.18578,55.6274,35.2398,16.5539,0.0003733,0.055737,0.034494,0.018242,0.020315,0.013165,0.0073013,91.2068,18.5448,6.42
01,1,7,white,yellow,1,70.6794,-10.7414,34.4933,-0.52404,-0.27472,0.56654,0.14382,-0.55751,-0.77257,0.030326,-0.11265,37.9111,-3.7049,18.0717,0.0007362,0.023402,0.019045,0.0069384,0.01555,0.012781,0.0055374,90.9289,-5.4362,22.7859
01,2,7,white,yellow,1,53.2006,-161.3347,110.8923,-0.52404,-0.27472,0.56654,0.14382,-0.55751,-0.77257,0.030326,-0.11265,37.9111,-3.7049,18.0717,0.0007362,0.023402,0.019045,0.0069384,0.01555,0.012781,0.0055374,90.9289,-5.4362,22.7859
01,3,7,white,yellow,1,83.0434,-4.4257,10.7018,-0.52404,-0.27472,0.56654,0.14382,-0.55751,-0.77257,0.030326,-0.11265,37.9111,-3.7049,18.0717,0.0007362,0.023402,0.019045,0.0069384,0.01555,0.012781,0.0055374,90.9289,-5.4362,22.7859
01,4,7,white,yellow,1,74.1181,-10.0668,30.821,-0.52404,-0.27472,0.56654,0.14382,-0.55751,-0.77257,0.030326,-0.11265,37.9111,-3.7049,18.0717,0.0007362,0.023402,0.019045,0.0069384,0.01555,0.012781,0.0055374,90.9289,-5.4362,22.7859
01,5,7,white,yellow,1,82.436,-8.553,24.3804,-0.52404,-0.27472,0.56654,0.14382,-0.55751,-0.77257,0.030326,-0.11265,37.9111,-3.7049,18.0717,0.0007362,0.023402,0.019045,0.0069384,0.01555,0.012781,0.0055374,90.9289,-5.4362,22.7859
01,6,7,white,yellow,1,81.5328,-8.82,24.9575,-0.52404,-0.27472,0.56654,0.14382,-0.55751,-0.77257,0.030326,-0.11265,37.9111,-3.7049,18.0717,0.0007362,0.023402,0.019045,0.0069384,0.01555,0.012781,0.0055374,90.9289,-5.4362,22.7859
01,7,7,white,yellow,1,82.8282,-7.4671,19.357,-0.52404,-0.27472,0.56654,0.14382,-0.55751,-0.77257,0.030326,-0.11265,37.9111,-3.7049,18.0717,0.0007362,0.023402,0.019045,0.0069384,0.01555,0.012781,0.0055374,90.9289,-5.4362,22.7859
01,8,7,white,yellow,1,80.2531,-7.1168,24.4746,-0.52404,-0.27472,0.56654,0.14382,-0.55751,-0.77257,0.030326,-0.11265,37.9111,-3.7049,18.0717,0.0007362,0.023402,0.019045,0.0069384,0.01555,0.012781,0.0055374,90.9289,-5.4362,22.7859
01,9,7,white,yellow,1,82.6685,-5.9958,24.2056,-0.52404,-0.27472,0.56654,0.14382,-0.55751,-0.77257,0.030326,-0.11265,37.9111,-3.7049,18.0717,0.0007362,0.023402,0.019045,0.0069384,0.01555,0.012781,0.0055374,90.9289,-5.4362,22.7859
01,10,7,white,yellow,1,78.8138,-9.5979,25.5961,-0.52404,-0.27472,0.56654,0.14382,-0.55751,-0.77257,0.030326,-0.11265,37.9111,-3.7049,18.0717,0.0007362,0.023402,0.019045,0.0069384,0.01555,0.012781,0.0055374,90.9289,-5.4362,22.7859
01,1,8,white,yellow,0,51.557,-30.922,32.6764,-0.27461,-0.27128,0.56558,0.12506,-0.51063,-0.51981,0.07813,-0.3152,55.2006,-7.1411,33.1849,6.98e-05,0.049414,0.039766,0.010559,0.01661,0.013432,0.0047788,90.907,-5.3408,20.6265
01,2,8,white,yellow,0,87.2976,-8.1701,21.6289,-0.27461,-0.27128,0.56558,0.12506,-0.51063,-0.51981,0.07813,-0.3152,55.2006,-7.1411,33.1849,6.98e-05,0.049414,0.039766,0.010559,0.01661,0.013432,0.0047788,90.907,-5.3408,20.6265
01,3,8,white,yellow,0,92.2843,-4.7644,19.3417,-0.27461,-0.27128,0.56558,0.12506,-0.51063,-0.51981,0.07813,-0.3152,55.2006,-7.1411,33.1849,6.98e-05,0.049414,0.039766,0.010559,0.01661,0.013432,0.0047788,90.907,-5.3408,20.6265
01,4,8,white,yellow,0,91.6014,-2.633,19.6521,-0.27461,-0.27128,0.56558,0.12506,-0.51063,-0.51981,0.07813,-0.3152,55.2006,-7.1411,33.1849,6.98e-05,0.049414,0.039766,0.010559,0.01661,0.013432,0.0047788,90.907,-5.3408,20.6265
01,5,8,white,yellow,0,85.1492,-1.2571,22.839,-0.27461,-0.27128,0.56558,0.12506,-0.51063,-0.51981,0.07813,-0.3152,55.2006,-7.1411,33.1849,6.98e-05,0.049414,0.039766,0.010559,0.01661,0.013432,0.0047788,90.907,-5.3408,20.6265
01,6,8,white,yellow,0,91.8253,-5.3474,19.0456,-0.27461,-0.27128,0.56558,0.12506,-0.51063,-0.51981,0.07813,-0.3152,55.2006,-7.1411,33.1849,6.98e-05,0.049414,0.039766,0.010559,0.01661,0.013432,0.0047788,90.907,-5.3408,20.6265
01,7,8,white,yellow,0,92.3019,-5.8524,19.3251,-0.27461,-0.27128,0.56558,0.12506,-0.51063,-0.51981,0.07813,-0.3152,55.2006,-7.1411,33.1849,6.98e-05,0.049414,0.039766,0.010559,0.01661,0.013432,0.0047788,90.907,-5.3408,20.6265
01,8,8,white,yellow,0,85.6054,-5.8396,21.8236,-0.27461,-0.27128,0.56558,0.12506,-0.51063,-0.51981,0.07813,-0.3152,55.2006,-7.1411,33.1849,6.98e-05,0.049414,0.039766,0.010559,0.01661,0.013432,0.0047788,90.907,-5.3408,20.6265
01,9,8,white,yellow,0,85.3634,-5.7927,22.6786,-0.27461,-0.27128,0.56558,0.12506,-0.51063,-0.51981,0.07813,-0.3152,55.2006,-7.1411,33.1849,6.98e-05,0.049414,0.039766,0.010559,0.01661,0.013432,0.0047788,90.907,-5.3408,20.6265
01,10,8,white,yellow,0,89.3492,-6.8291,20.6336,-0.27461,-0.27128,0.56558,0.12506,-0.51063,-0.51981,0.07813,-0.3152,55.2006,-7.1411,33.1849,6.98e-05,0.049414,0.039766,0.010559,0.01661,0.013432,0.0047788,90.907,-5.3408,20.6265
03,1,1,white,blue,1,85.8597,-22.4448,-11.3043,0.6172,-0.32467,0.53183,-0.28209,0.24552,-0.80945,-0.096157,0.10852,34.5429,-11.0543,-14.0005,0.0016992,0.018438,0.018746,0.016511,0.013447,0.013051,0.010425,90.1332,-9.664,-8.5708
03,2,1,white,blue,1,83.5273,-11.0461,-10.2676,0.6172,-0.32467,0.53183,-0.28209,0.24552,-0.80945,-0.096157,0.10852,34.5429,-11.0543,-14.0005,0.0016992,0.018438,0.018746,0.016511,0.013447,0.013051,0.010425,90.1332,-9.664,-8.5708
03,3,1,white,blue,1,90.7034,-17.6004,-9.7381,0.6172,-0.32467,0.53183,-0.28209,0.24552,-0.80945,-0.096157,0.10852,34.5429,-11.0543,-14.0005,0.0016992,0.018438,0.018746,0.016511,0.013447,0.013051,0.010425,90.1332,-9.664,-8.5708
03,4,1,white,blue,1,81.7601,-13.9072,-19.1849,0.6172,-0.32467,0.53183,-0.28209,0.24552,-0.80945,-0.096157,0.10852,34.5429,-11.0543,-14.0005,0.0016992,0.018438,0.018746,0.016511,0.013447,0.013051,0.010425,90.1332,-9.664,-8.5708
03,5,1,white,blue,1,84.9041,-13.9667,-17.9323,0.6172,-0.32467,0.53183,-0.28209,0.24552,-0.80945,-0.096157,0.10852,34.5429,-11.0543,-14.0005,0.0016992,0.018438,0.018746,0.016511,0.013447,0.013051,0.010425,90.1332,-9.664,-8.5708
03,6,1,white,blue,1,87.4748,-7.1698,-17.1321,0.6172,-0.32467,0.53183,-0.28209,0.24552,-0.80945,-0.096157,0.10852,34.5429,-11.0543,-14.0005,0.0016992,0.018438,0.018746,0.016511,0.013447,0.013051,0.010425,90.1332,-9.664,-8.5708
03,7,1,white,blue,1,87.652,-19.1236,-12.4264,0.6172,-0.32467,0.53183,-0.28209,0.24552,-0.80945,-0.096157,0.10852,34.5429,-11.0543,-14.0005,0.0016992,0.018438,0.018746,0.016511,0.013447,0.013051,0.010425,90.1332,-9.664,-8.5708
03,8,1,white,blue,1,77.8221,-24.1723,-15.9921,0.6172,-0.32467,0.53183,-0.28209,0.24552,-0.80945,-0.096157,0.10852,34.5429,-11.0543,-14.0005,0.0016992,0.018438,0.018746,0.016511,0.013447,0.013051,0.010425,90.1332,-9.664,-8.5708
03,9,1,white,blue,1,88.2331,-18.3672,-14.5615,0.6172,-0.32467,0.53183,-0.28209,0.24552,-0.80945,-0.096157,0.10852,34.5429,-11.0543,-14.0005,0.0016992,0.018438,0.018746,0.016511,0.013447,0.013051,0.010425,90.1332,-9.664,-8.5708
03,10,1,white,blue,1,78.8742,-21.1303,-15.0035,0.6172,-0.32467,0.53183,-0.28209,0.24552,-0.80945,-0.096157,0.10852,34.5429,-11.0543,-14.0005,0.0016992,0.018438,0.018746,0.016511,0.013447,0.013051,0.010425,90.1332,-9.664,-8.5708
03,1,2,white,blue,0,78.3607,-44.7404,18.232,0.24101,-0.33898,0.52435,-0.39964,0.34652,-0.58637,-0.28526,0.30833,51.522,-20.6719,-22.3012,0.000942,0.039155,0.042323,0.039666,0.01484,0.015755,0.014378,89.9602,-13.8977,-11.919
03,2,2,white,blue,0,82.6739,-12.0717,8.2027,0.24101,-0.33898,0.52435,-0.39964,0.34652,-0.58637,-0.28526,0.30833,51.522,-20.6719,-22.3012,0.000942,0.039155,0.042323,0.039666,0.01484,0.015755,0.014378,89.9602,-13.8977,-11.919
03,3,2,white,blue,0,83.5102,-32.4783,-0.51445,0.24101,-0.33898,0.52435,-0.39964,0.34652,-0.58637,-0.28526,0.30833,51.522,-20.6719,-22.3012,0.000942,0.039155,0.042323,0.039666,0.01484,0.015755,0.014378,89.9602,-13.8977,-11.919
03,4,2,white,blue,0,82.2787,-13.0877,5.1641,0.24101,-0.33898,0.52435,-0.39964,0.34652,-0.58637,-0.28526,0.30833,51.522,-20.6719,-22.3012,0.000942,0.039155,0.042323,0.039666,0.01484,0.015755,0.014378,89.9602,-13.8977,-11.919
03,5,2,white,blue,0,80.7025,-11.4965,1.9284,0.24101,-0.33898,0.52435,-0.39964,0.34652,-0.58637,-0.28526,0.30833,51.522,-20.6719,-22.3012,0.000942,0.039155,0.042323,0.039666,0.01484,0.015755,0.014378,89.9602,-13.8977,-11.919
03,6,2,white,blue,0,91.6869,-20.8914,3.0115,0.24101,-0.33898,0.52435,-0.39964,0.34652,-0.58637,-0.28526,0.30833,51.522,-20.6719,-22.3012,0.000942,0.039155,0.042323,0.039666,0.01484,0.015755,0.014378,89.9602,-13.8977,-11.919
03,7,2,white,blue,0,84.6438,-20.8262,0.42327,0.24101,-0.33898,0.52435,-0.39964,0.34652,-0.58637,-0.28526,0.30833,51.522,-20.6719,-22.3012,0.000942,0.039155,0.042323,0.039666,0.01484,0.015755,0.014378,89.9602,-13.8977,-11.919
03,8,2,white,blue,0,80.2801,-23.1666,-3.3136,0.24101,-0.33898,0.52435,-0.39964,0.34652,-0.58637,-0.28526,0.30833,51.522,-20.6719,-22.3012,0.000942,0.039155,0.042323,0.039666,0.01484,0.015755,0.014378,89.9602,-13.8977,-11.919
03,9,2,white,blue,0,85.1389,-31.3763,1.5123,0.24101,-0.33898,0.52435,-0.39964,0.34652,-0.58637,-0.28526,0.30833,51.522,-20.6719,-22.3012,0.000942,0.039155,0.042323,0.039666,0.01484,0.015755,0.014378,89.9602,-13.8977,-11.919
03,10,2,white,blue,0,83.2073,-29.4219,-0.34485,0.24101,-0.33898,0.52435,-0.39964,0.34652,-0.58637,-0.28526,0.30833,51.522,-20.6719,-22.3012,0.000942,0.039155,0.042323,0.039666,0.01484,0.015755,0.014378,89.9602,-13.8977,-11.919
03,1,3,white,green,1,93.302,14.1566,8.2559,0.53209,-0.34769,0.51647,-0.41403,-0.034084,-0.85355,-0.10668,-0.002021,29.443,-33.7707,0.29131,0.0035886,0.013516,0.014842,0.0081553,0.012272,0.012688,0.0071073,89.7774,-24.7375,1.2636
03,2,3,white,green,1,87.0344,15.3536,9.0544,0.53209,-0.34769,0.51647,-0.41403,-0.034084,-0.85355,-0.10668,-0.002021,29.443,-33.7707,0.29131,0.0035886,0.013516,0.014842,0.0081553,0.012272,0.012688,0.0071073,89.7774,-24.7375,1.2636
03,3,3,white,green,1,92.5121,2.666,8.1517,0.53209,-0.34769,0.51647,-0.41403,-0.034084,-0.85355,-0.10668,-0.002021,29.443,-33.7707,0.29131,0.0035886,0.013516,0.014842,0.0081553,0.012272,0.012688,0.0071073,89.7774,-24.7375,1.2636
03,4,3,white,green,1,91.6656,15.4875,12.612,0.53209,-0.34769,0.51647,-0.41403,-0.034084,-0.85355,-0.10668,-0.002021,29.443,-33.7707,0.29131,0.0035886,0.013516,0.014842,0.0081553,0.012272,0.012688,0.0071073,89.7774,-24.7375,1.2636
03,5,3,white,green,1,83.2931,20.8641,9.1186,0.53209,-0.34769,0.51647,-0.41403,-0.034084,-0.85355,-0.10668,-0.002021,29.443,-33.7707,0.29131,0.0035886,0.013516,0.014842,0.0081553,0.012272,0.012688,0.0071073,89.7774,-24.7375,1.2636
03,6,3,white,green,1,94.2065,13.8069,7.7711,0.53209,-0.34769,0.51647,-0.41403,-0.034084,-0.85355,-0.10668,-0.002021,29.443,-33.7707,0.29131,0.0035886,0.013516,0.014842,0.0081553,0.012272,0.012688,0.0071073,89.7774,-24.7375,1.2636
03,7,3,white,green,1,88.8202,10.4885,5.003,0.53209,-0.34769,0.51647,-0.41403,-0.034084,-0.85355,-0.10668,-0.002021,29.443,-33.7707,0.29131,0.0035886,0.013516,0.014842,0.0081553,0.012272,0.012688,0.0071073,89.7774,-24.7375,1.2636
03,8,3,white,green,1,89.3046,21.4138,7.6456,0.53209,-0.34769,0.51647,-0.41403,-0.034084,-0.85355,-0.10668,-0.002021,29.443,-33.7707,0.29131,0.0035886,0.013516,0.014842,0.0081553,0.012272,0.012688,0.0071073,89.7774,-24.7375,1.2636
03,9,3,white,green,1,88.4102,21.7418,7.5208,0.53209,-0.34769,0.51647,-0.41403,-0.034084,-0.85355,-0.10668,-0.002021,29.443,-33.7707,0.29131,0.0035886,0.013516,0.014842,0.0081553,0.012272,0.012688,0.0071073,89.7774,-24.7375,1.2636
03,10,3,white,green,1,86.29,19.9245,9.2344,0.53209,-0.34769,0.51647,-0.41403,-0.034084,-0.85355,-0.10668,-0.002021,29.443,-33.7707,0.29131,0.0035886,0.013516,0.014842,0.0081553,0.012272,0.012688,0.0071073,89.7774,-24.7375,1.2636
03,1,4,white,green,0,94.4954,-3.9998,18.4506,0.31542,-0.3592,0.50341,-0.53981,-0.044627,-0.66309,-0.30658,-0.041491,46.658,-60.5949,4.2051,0.0026488,0.030171,0.035234,0.016789,0.014836,0.016705,0.0078759,89.4729,-33.0619,1.6677
03,2,4,white,green,0,93.4057,-1.1997,11.8579,0.31542,-0.3592,0.50341,-0.53981,-0.044627,-0.66309,-0.30658,-0.041491,46.658,-60.5949,4.2051,0.0026488,0.030171,0.035234,0.016789,0.014836,0.016705,0.0078759,89.4729,-33.0619,1.6677
03,3,4,white,green,0,93.3613,-5.8938,16.8766,0.31542,-0.3592,0.50341,-0.53981,-0.044627,-0.66309,-0.30658,-0.041491,46.658,-60.5949,4.2051,0.0026488,0.030171,0.035234,0.016789,0.014836,0.016705,0.0078759,89.4729,-33.0619,1.6677
03,4,4,white,green,0,84.4036,-5.6013,16.6044,0.31542,-0.3592,0.50341,-0.53981,-0.044627,-0.66309,-0.30658,-0.041491,46.658,-60.5949,4.2051,0.0026488,0.030171,0.035234,0.016789,0.014836,0.016705,0.0078759,89.4729,-33.0619,1.6677
03,5,4,white,green,0,90.7339,-4.4091,14.1228,0.31542,-0.3592,0.50341,-0.53981,-0.044627,-0.66309,-0.30658,-0.041491,46.658,-60.5949,4.2051,0.0026488,0.030171,0.035234,0.016789,0.014836,0.016705,0.0078759,89.4729,-33.0619,1.6677
03,6,4,white,green,0,86.2179,-2.8413,14.4311,0.31542,-0.3592,0.50341,-0.53981,-0.044627,-0.66309,-0.30658,-0.041491,46.658,-60.5949,4.2051,0.0026488,0.030171,0.035234,0.016789,0.014836,0.016705,0.0078759,89.4729,-33.0619,1.6677
03,7,4,white,green,0,88.2177,-4.8399,21.1067,0.31542,-0.3592,0.50341,-0.53981,-0.044627,-0.66309,-0.30658,-0.041491,46.658,-60.5949,4.2051,0.0026488,0.030171,0.035234,0.016789,0.014836,0.016705,0.0078759,89.4729,-33.0619,1.6677
03,8,4,white,green,0,86.9648,-6.8022,19.9314,0.31542,-0.3592,0.50341,-0.53981,-0.044627,-0.66309,-0.30658,-0.041491,46.658,-60.5949,4.2051,0.0026488,0.030171,0.035234,0.016789,0.014836,0.016705,0.0078759,89.4729,-33.0619,1.6677
03,9,4,white,green,0,89.276,-9.719,18.2856,0.31542,-0.3592,0.50341,-0.53981,-0.044627,-0.66309,-0.30658,-0.041491,46.658,-60.5949,4.2051,0.0026488,0.030171,0.035234,0.016789,0.014836,0.016705,0.0078759,89.4729,-33.0619,1.6677
03,10,4,white,green,0,83.6528,-9.3779,23.4749,0.31542,-0.3592,0.50341,-0.53981,-0.044627,-0.66309,-0.30658,-0.041491,46.658,-60.5949,4.2051,0.0026488,0.030171,0.035234,0.016789,0.014836,0.016705,0.0078759,89.4729,-33.0619,1.6677
05,1,1,white,blue,1,89.2571,-18.5119,-10.5099,0.6172,-0.32467,0.53183,-0.28209,0.24552,-0.80945,-0.096157,0.10852,34.5429,-11.0543,-14.0005,0.0016992,0.018438,0.018746,0.016511,0.013447,0.013051,0.010425,90.1332,-9.664,-8.5708
05,2,1,white,blue,1,87.9675,-14.357,-8.0667,0.6172,-0.32467,0.53183,-0.28209,0.24552,-0.80945,-0.096157,0.10852,34.5429,-11.0543,-14.0005,0.0016992,0.018438,0.018746,0.016511,0.013447,0.013051,0.010425,90.1332,-9.664,-8.5708
05,3,1,white,blue,1,88.013,-18.3714,-10.52,0.6172,-0.32467,0.53183,-0.28209,0.24552,-0.80945,-0.096157,0.10852,34.5429,-11.0543,-14.0005,0.0016992,0.018438,0.018746,0.016511,0.013447,0.013051,0.010425,90.1332,-9.664,-8.5708
05,4,1,white,blue,1,79.9671,-21.2708,-12.7799,0.6172,-0.32467,0.53183,-0.28209,0.24552,-0.80945,-0.096157,0.10852,34.5429,-11.0543,-14.0005,0.0016992,0.018438,0.018746,0.016511,0.013447,0.013051,0.010425,90.1332,-9.664,-8.5708
05,5,1,white,blue,1,93.3878,-6.5699,-4.555,0.6172,-0.32467,0.53183,-0.28209,0.24552,-0.80945,-0.096157,0.10852,34.5429,-11.0543,-14.0005,0.0016992,0.018438,0.018746,0.016511,0.013447,0.013051,0.010425,90.1332,-9.664,-8.5708
05,6,1,white,blue,1,90.5208,-10.2952,-4.4664,0.6172,-0.32467,0.53183,-0.28209,0.24552,-0.80945,-0.096157,0.10852,34.5429,-11.0543,-14.0005,0.0016992,0.018438,0.018746,0.016511,0.013447,0.013051,0.010425,90.1332,-9.664,-8.5708
05,7,1,white,blue,1,84.7071,-23.0849,-11.4427,0.6172,-0.32467,0.53183,-0.28209,0.24552,-0.80945,-0.096157,0.10852,34.5429,-11.0543,-14.0005,0.0016992,0.018438,0.018746,0.016511,0.013447,0.013051,0.010425,90.1332,-9.664,-8.5708
05,8,1,white,blue,1,91.4163,-20.7538,-9.3117,0.6172,-0.32467,0.53183,-0.28209,0.24552,-0.80945,-0.096157,0.10852,34.5429,-11.0543,-14.0005,0.0016992,0.018438,0.018746,0.016511,0.013447,0.013051,0.010425,90.1332,-9.664,-8.5708
05,9,1,white,blue,1,86.3942,-12.8613,-9.1738,0.6172,-0.32467,0.53183,-0.28209,0.24552,-0.80945,-0.096157,0.10852,34.5429,-11.0543,-14.0005,0.0016992,0.018438,0.018746,0.016511,0.013447,0.013051,0.010425,90.1332,-9.664,-8.5708
05,10,1,white,blue,1,84.1333,-22.3007,-12.8739,0.6172,-0.32467,0.53183,-0.28209,0.24552,-0.80945,-0.096157,0.10852,34.5429,-11.0543,-14.0005,0.0016992,0.018438,0.018746,0.016511,0.013447,0.013051,0.010425,90.1332,-9.664,-8.5708
05,1,2,white,blue,0,86.5733,-24.3873,0.45196,0.24101,-0.33898,0.52435,-0.39964,0.34652,-0.58637,-0.28526,0.30833,51.522,-20.6719,-22.3012,0.000942,0.039155,0.042323,0.039666,0.01484,0.015755,0.014378,89.9602,-13.8977,-11.919
05,2,2,white,blue,0,85.049,-24.1635,0.32319,0.24101,-0.33898,0.52435,-0.39964,0.34652,-0.58637,-0.28526,0.30833,51.522,-20.6719,-22.3012,0.000942,0.039155,0.042323,0.039666,0.01484,0.015755,0.014378,89.9602,-13.8977,-11.919
05,3,2,white,blue,0,83.5366,-29.5527,-1.1027,0.24101,-0.33898,0.52435,-0.39964,0.34652,-0.58637,-0.28526,0.30833,51.522,-20.6719,-22.3012,0.000942,0.039155,0.042323,0.039666,0.01484,0.015755,0.014378,89.9602,-13.8977,-11.919
05,4,2,white,blue,0,85.9061,-28.5314,1.8382,0.24101,-0.33898,0.52435,-0.39964,0.34652,-0.58637,-0.28526,0.30833,51.522,-20.6719,-22.3012,0.000942,0.039155,0.042323,0.039666,0.01484,0.015755,0.014378,89.9602,-13.8977,-11.919
05,5,2,white,blue,0,84.1545,-32.7972,0.5447,0.24101,-0.33898,0.52435,-0.39964,0.34652,-0.58637,-0.28526,0.30833,51.522,-20.6719,-22.3012,0.000942,0.039155,0.042323,0.039666,0.01484,0.015755,0.014378,89.9602,-13.8977,-11.919
05,6,2,white,blue,0,81.8367,-27.8407,2.9555,0.24101,-0.33898,0.52435,-0.39964,0.34652,-0.58637,-0.28526,0.30833,51.522,-20.6719,-22.3012,0.000942,0.039155,0.042323,0.039666,0.01484,0.015755,0.014378,89.9602,-13.8977,-11.919
05,7,2,white,blue,0,85.07,-21.1545,4.38,0.24101,-0.33898,0.52435,-0.39964,0.34652,-0.58637,-0.28526,0.30833,51.522,-20.6719,-22.3012,0.000942,0.039155,0.042323,0.039666,0.01484,0.015755,0.014378,89.9602,-13.8977,-11.919
05,8,2,white,blue,0,80.2735,-36.4726,1.3718,0.24101,-0.33898,0.52435,-0.39964,0.34652,-0.58637,-0.28526,0.30833,51.522,-20.6719,-22.3012,0.000942,0.039155,0.042323,0.039666,0.01484,0.015755,0.014378,89.9602,-13.8977,-11.919
05,9,2,white,blue,0,83.9188,-31.347,-1.5175,0.24101,-0.33898,0.52435,-0.39964,0.34652,-0.58637,-0.28526,0.30833,51.522,-20.6719,-22.3012,0.000942,0.039155,0.042323,0.039666,0.01484,0.015755,0.014378,89.9602,-13.8977,-11.919
05,10,2,white,blue,0,83.9998,-21.9773,-1.0482,0.24101,-0.33898,0.52435,-0.39964,0.34652,-0.58637,-0.28526,0.30833,51.522,-20.6719,-22.3012,0.000942,0.039155,0.042323,0.039666,0.01484,0.015755,0.014378,89.9602,-13.8977,-11.919
05,1,3,white,green,1,94.7003,14.8936,7.8751,0.53209,-0.34769,0.51647,-0.41403,-0.034084,-0.85355,-0.10668,-0.002021,29.443,-33.7707,0.29131,0.0035886,0.013516,0.014842,0.0081553,0.012272,0.012688,0.0071073,89.7774,-24.7375,1.2636
05,2,3,white,green,1,93.2557,17.9386,6.2011,0.53209,-0.34769,0.51647,-0.41403,-0.034084,-0.85355,-0.10668,-0.002021,29.443,-33.7707,0.29131,0.0035886,0.013516,0.014842,0.0081553,0.012272,0.012688,0.0071073,89.7774,-24.7375,1.2636
05,3,3,white,green,1,87.912,16.5345,9.5645,0.53209,-0.34769,0.51647,-0.41403,-0.034084,-0.85355,-0.10668,-0.002021,29.443,-33.7707,0.29131,0.0035886,0.013516,0.014842,0.0081553,0.012272,0.012688,0.0071073,89.7774,-24.7375,1.2636
05,4,3,white,green,1,89.8688,13.3029,12.252,0.53209,-0.34769,0.51647,-0.41403,-0.034084,-0.85355,-0.10668,-0.002021,29.443,-33.7707,0.29131,0.0035886,0.013516,0.014842,0.0081553,0.012272,0.012688,0.0071073,89.7774,-24.7375,1.2636
05,5,3,white,green,1,88.8628,12.8518,5.6387,0.53209,-0.34769,0.51647,-0.41403,-0.034084,-0.85355,-0.10668,-0.002021,29.443,-33.7707,0.29131,0.0035886,0.013516,0.014842,0.0081553,0.012272,0.012688,0.0071073,89.7774,-24.7375,1.2636
05,6,3,white,green,1,86.9384,13.0934,5.0239,0.53209,-0.34769,0.51647,-0.41403,-0.034084,-0.85355,-0.10668,-0.002021,29.443,-33.7707,0.29131,0.0035886,0.013516,0.014842,0.0081553,0.012272,0.012688,0.0071073,89.7774,-24.7375,1.2636
05,7,3,white,green,1,89.4962,10.3958,5.9491,0.53209,-0.34769,0.51647,-0.41403,-0.034084,-0.85355,-0.10668,-0.002021,29.443,-33.7707,0.29131,0.0035886,0.013516,0.014842,0.0081553,0.012272,0.012688,0.0071073,89.7774,-24.7375,1.2636
05,8,3,white,green,1,86.4965,16.6443,9.0069,0.53209,-0.34769,0.51647,-0.41403,-0.034084,-0.85355,-0.10668,-0.002021,29.443,-33.7707,0.29131,0.0035886,0.013516,0.014842,0.0081553,0.012272,0.012688,0.0071073,89.7774,-24.7375,1.2636
05,9,3,white,green,1,88.0643,10.9458,8.4422,0.53209,-0.34769,0.51647,-0.41403,-0.034084,-0.85355,-0.10668,-0.002021,29.443,-33.7707,0.29131,0.0035886,0.013516,0.014842,0.0081553,0.012272,0.012688,0.0071073,89.7774,-24.7375,1.2636
05,10,3,white,green,1,88.3299,11.9189,7.339,0.53209,-0.34769,0.51647,-0.41403,-0.034084,-0.85355,-0.10668,-0.002021,29.443,-33.7707,0.29131,0.0035886,0.013516,0.014842,0.0081553,0.012272,0.012688,0.0071073,89.7774,-24.7375,1.2636
05,1,4,white,green,0,95.0137,-9.6731,18.2032,0.31542,-0.3592,0.50341,-0.53981,-0.044627,-0.66309,-0.30658,-0.041491,46.658,-60.5949,4.2051,0.0026488,0.030171,0.035234,0.016789,0.014836,0.016705,0.0078759,89.4729,-33.0619,1.6677
05,2,4,white,green,0,89.6416,-6.272,20.5013,0.31542,-0.3592,0.50341,-0.53981,-0.044627,-0.66309,-0.30658,-0.041491,46.658,-60.5949,4.2051,0.0026488,0.030171,0.035234,0.016789,0.014836,0.016705,0.0078759,89.4729,-33.0619,1.6677
05,3,4,white,green,0,87.9114,-5.7737,21.3399,0.31542,-0.3592,0.50341,-0.53981,-0.044627,-0.66309,-0.30658,-0.041491,46.658,-60.5949,4.2051,0.0026488,0.030171,0.035234,0.016789,0.014836,0.016705,0.0078759,89.4729,-33.0619,1.6677
05,4,4,white,green,0,92.1215,-4.7936,15.5066,0.31542,-0.3592,0.50341,-0.53981,-0.044627,-0.66309,-0.30658,-0.041491,46.658,-60.5949,4.2051,0.0026488,0.030171,0.035234,0.016789,0.014836,0.016705,0.0078759,89.4729,-33.0619,1.6677
05,5,4,white,green,0,90.8589,-5.0603,12.2722,0.31542,-0.3592,0.50341,-0.53981,-0.044627,-0.66309,-0.30658,-0.041491,46.658,-60.5949,4.2051,0.0026488,0.030171,0.035234,0.016789,0.014836,0.016705,0.0078759,89.4729,-33.0619,1.6677
05,6,4,white,green,0,91.874,-4.0649,11.0262,0.31542,-0.3592,0.50341,-0.53981,-0.044627,-0.66309,-0.30658,-0.041491,46.658,-60.5949,4.2051,0.0026488,0.030171,0.035234,0.016789,0.014836,0.016705,0.0078759,89.4729,-33.0619,1.6677
05,7,4,white,green,0,91.7111,-3.9382,19.5934,0.31542,-0.3592,0.50341,-0.53981,-0.044627,-0.66309,-0.30658,-0.041491,46.658,-60.5949,4.2051,0.0026488,0.030171,0.035234,0.016789,0.014836,0.016705,0.0078759,89.4729,-33.0619,1.6677
05,8,4,white,green,0,86.0507,-5.201,20.378,0.31542,-0.3592,0.50341,-0.53981,-0.044627,-0.66309,-0.30658,-0.041491,46.658,-60.5949,4.2051,0.0026488,0.030171,0.035234,0.016789,0.014836,0.016705,0.0078759,89.4729,-33.0619,1.6677
05,9,4,white,green,0,91.9237,-5.7171,13.8773,0.31542,-0.3592,0.50341,-0.53981,-0.044627,-0.66309,-0.30658,-0.041491,46.658,-60.5949,4.2051,0.0026488,0.030171,0.035234,0.016789,0.014836,0.016705,0.0078759,89.4729,-33.0619,1.6677
05,10,4,white,green,0,87.3156,-10.9784,21.5954,0.31542,-0.3592,0.50341,-0.53981,-0.044627,-0.66309,-0.30658,-0.041491,46.658,-60.5949,4.2051,0.0026488,0.030171,0.035234,0.016789,0.014836,0.016705,0.0078759,89.4729,-33.0619,1.6677
07,1,1,white,blue,1,91.5794,-21.51,-8.2161,0.6172,-0.32467,0.53183,-0.28209,0.24552,-0.80945,-0.096157,0.10852,34.5429,-11.0543,-14.0005,0.0016992,0.018438,0.018746,0.016511,0.013447,0.013051,0.010425,90.1332,-9.664,-8.5708
07,2,1,white,blue,1,92.401,-16.6159,-11.9629,0.6172,-0.32467,0.53183,-0.28209,0.24552,-0.80945,-0.096157,0.10852,34.5429,-11.0543,-14.0005,0.0016992,0.018438,0.018746,0.016511,0.013447,0.013051,0.010425,90.1332,-9.664,-8.5708
07,3,1,white,blue,1,90.7259,-16.1673,-15.576,0.6172,-0.32467,0.53183,-0.28209,0.24552,-0.80945,-0.096157,0.10852,34.5429,-11.0543,-14.0005,0.0016992,0.018438,0.018746,0.016511,0.013447,0.013051,0.010425,90.1332,-9.664,-8.5708
07,4,1,white,blue,1,93.1609,-10.1421,-15.8299,0.6172,-0.32467,0.53183,-0.28209,0.24552,-0.80945,-0.096157,0.10852,34.5429,-11.0543,-14.0005,0.0016992,0.018438,0.018746,0.016511,0.013447,0.013051,0.010425,90.1332,-9.664,-8.5708
07,5,1,white,blue,1,92.4421,-16.0062,-14.6733,0.6172,-0.32467,0.53183,-0.28209,0.24552,-0.80945,-0.096157,0.10852,34.5429,-11.0543,-14.0005,0.0016992,0.018438,0.018746,0.016511,0.013447,0.013051,0.010425,90.1332,-9.664,-8.5708
07,6,1,white,blue,1,91.6875,-18.0469,-12.5165,0.6172,-0.32467,0.53183,-0.28209,0.24552,-0.80945,-0.096157,0.10852,34.5429,-11.0543,-14.0005,0.0016992,0.018438,0.018746,0.016511,0.013447,0.013051,0.010425,90.1332,-9.664,-8.5708
07,7,1,white,blue,1,93.3349,-17.4651,-9.1392,0.6172,-0.32467,0.53183,-0.28209,0.24552,-0.80945,-0.096157,0.10852,34.5429,-11.0543,-14.0005,0.0016992,0.018438,0.018746,0.016511,0.013447,0.013051,0.010425,90.1332,-9.664,-8.5708
07,8,1,white,blue,1,94.1432,-14.4305,-15.6053,0.6172,-0.32467,0.53183,-0.28209,0.24552,-0.80945,-0.096157,0.10852,34.5429,-11.0543,-14.0005,0.0016992,0.018438,0.018746,0.016511,0.013447,0.013051,0.010425,90.1332,-9.664,-8.5708
07,9,1,white,blue,1,92.0084,-19.5852,-10.4126,0.6172,-0.32467,0.53183,-0.28209,0.24552,-0.80945,-0.096157,0.10852,34.5429,-11.0543,-14.0005,0.0016992,0.018438,0.018746,0.016511,0.013447,0.013051,0.010425,90.1332,-9.664,-8.5708
07,10,1,white,blue,1,91.4118,-16.242,-15.0373,0.6172,-0.32467,0.53183,-0.28209,0.24552,-0.80945,-0.096157,0.10852,34.5429,-11.0543,-14.0005,0.0016992,0.018438,0.018746,0.016511,0.013447,0.013051,0.010425,90.1332,-9.664,-8.5708
07,1,2,white,blue,0,90.2093,-28.3136,-0.15204,0.24101,-0.33898,0.52435,-0.39964,0.34652,-0.58637,-0.28526,0.30833,51.522,-20.6719,-22.3012,0.000942,0.039155,0.042323,0.039666,0.01484,0.015755,0.014378,89.9602,-13.8977,-11.919
07,2,2,white,blue,0,81.9547,-31.8843,2.5148,0.24101,-0.33898,0.52435,-0.39964,0.34652,-0.58637,-0.28526,0.30833,51.522,-20.6719,-22.3012,0.000942,0.039155,0.042323,0.039666,0.01484,0.015755,0.014378,89.9602,-13.8977,-11.919
07,3,2,white,blue,0,83.0343,-34.2216,1.3345,0.24101,-0.33898,0.52435,-0.39964,0.34652,-0.58637,-0.28526,0.30833,51.522,-20.6719,-22.3012,0.000942,0.039155,0.042323,0.039666,0.01484,0.015755,0.014378,89.9602,-13.8977,-11.919
07,4,2,white,blue,0,85.8709,-29.3686,-2.4206,0.24101,-0.33898,0.52435,-0.39964,0.34652,-0.58637,-0.28526,0.30833,51.522,-20.6719,-22.3012,0.000942,0.039155,0.042323,0.039666,0.01484,0.015755,0.014378,89.9602,-13.8977,-11.919
07,5,2,white,blue,0,88.411,-28.664,-0.98127,0.24101,-0.33898,0.52435,-0.39964,0.34652,-0.58637,-0.28526,0.30833,51.522,-20.6719,-22.3012,0.000942,0.039155,0.042323,0.039666,0.01484,0.015755,0.014378,89.9602,-13.8977,-11.919
07,6,2,white,blue,0,84.9366,-30.2958,-0.38217,0.24101,-0.33898,0.52435,-0.39964,0.34652,-0.58637,-0.28526,0.30833,51.522,-20.6719,-22.3012,0.000942,0.039155,0.042323,0.039666,0.01484,0.015755,0.014378,89.9602,-13.8977,-11.919
07,7,2,white,blue,0,79.3708,-34.1245,-2.6734,0.24101,-0.33898,0.52435,-0.39964,0.34652,-0.58637,-0.28526,0.30833,51.522,-20.6719,-22.3012,0.000942,0.039155,0.042323,0.039666,0.01484,0.015755,0.014378,89.9602,-13.8977,-11.919
07,8,2,white,blue,0,87.6727,-29.1733,-1.1,0.24101,-0.33898,0.52435,-0.39964,0.34652,-0.58637,-0.28526,0.30833,51.522,-20.6719,-22.3012,0.000942,0.039155,0.042323,0.039666,0.01484,0.015755,0.014378,89.9602,-13.8977,-11.919
07,9,2,white,blue,0,87.6867,-31.6183,2.2532,0.24101,-0.33898,0.52435,-0.39964,0.34652,-0.58637,-0.28526,0.30833,51.522,-20.6719,-22.3012,0.000942,0.039155,0.042323,0.039666,0.01484,0.015755,0.014378,89.9602,-13.8977,-11.919
07,10,2,white,blue,0,83.8835,-29.2342,-4.4042,0.24101,-0.33898,0.52435,-0.39964,0.34652,-0.58637,-0.28526,0.30833,51.522,-20.6719,-22.3012,0.000942,0.039155,0.042323,0.039666,0.01484,0.015755,0.014378,89.9602,-13.8977,-11.919
07,1,3,white,green,1,95.9897,19.6176,5.6508,0.53209,-0.34769,0.51647,-0.41403,-0.034084,-0.85355,-0.10668,-0.002021,29.443,-33.7707,0.29131,0.0035886,0.013516,0.014842,0.0081553,0.012272,0.012688,0.0071073,89.7774,-24.7375,1.2636
07,2,3,white,green,1,92.7053,12.2167,1.282,0.53209,-0.34769,0.51647,-0.41403,-0.034084,-0.85355,-0.10668,-0.002021,29.443,-33.7707,0.29131,0.0035886,0.013516,0.014842,0.0081553,0.012272,0.012688,0.0071073,89.7774,-24.7375,1.2636
07,3,3,white,green,1,95.4398,18.8146,5.2169,0.53209,-0.34769,0.51647,-0.41403,-0.034084,-0.85355,-0.10668,-0.002021,29.443,-33.7707,0.29131,0.0035886,0.013516,0.014842,0.0081553,0.012272,0.012688,0.0071073,89.7774,-24.7375,1.2636
07,4,3,white,green,1,92.0863,10.6528,5.0068,0.53209,-0.34769,0.51647,-0.41403,-0.034084,-0.85355,-0.10668,-0.002021,29.443,-33.7707,0.29131,0.0035886,0.013516,0.014842,0.0081553,0.012272,0.012688,0.0071073,89.7774,-24.7375,1.2636
07,5,3,white,green,1,94.808,18.299,9.0009,0.53209,-0.34769,0.51647,-0.41403,-0.034084,-0.85355,-0.10668,-0.002021,29.443,-33.7707,0.29131,0.0035886,0.013516,0.014842,0.0081553,0.012272,0.012688,0.0071073,89.7774,-24.7375,1.2636
07,6,3,white,green,1,93.6844,17.3898,11.5865,0.53209,-0.34769,0.51647,-0.41403,-0.034084,-0.85355,-0.10668,-0.002021,29.443,-33.7707,0.29131,0.0035886,0.013516,0.014842,0.0081553,0.012272,0.012688,0.0071073,89.7774,-24.7375,1.2636
07,7,3,white,green,1,95.0321,17.7386,9.8752,0.53209,-0.34769,0.51647,-0.41403,-0.034084,-0.85355,-0.10668,-0.002021,29.443,-33.7707,0.29131,0.0035886,0.013516,0.014842,0.0081553,0.012272,0.012688,0.0071073,89.7774,-24.7375,1.2636
07,8,3,white,green,1,93.5384,7.8634,3.7597,0.53209,-0.34769,0.51647,-0.41403,-0.034084,-0.85355,-0.10668,-0.002021,29.443,-33.7707,0.29131,0.0035886,0.013516,0.014842,0.0081553,0.012272,0.012688,0.0071073,89.7774,-24.7375,1.2636
07,9,3,white,green,1,92.8465,11.2723,7.5393,0.53209,-0.34769,0.51647,-0.41403,-0.034084,-0.85355,-0.10668,-0.002021,29.443,-33.7707,0.29131,0.0035886,0.013516,0.014842,0.0081553,0.012272,0.012688,0.0071073,89.7774,-24.7375,1.2636
07,10,3,white,green,1,96.4396,15.2752,6.9457,0.53209,-0.34769,0.51647,-0.41403,-0.034084,-0.85355,-0.10668,-0.002021,29.443,-33.7707,0.29131,0.0035886,0.013516,0.014842,0.0081553,0.012272,0.012688,0.0071073,89.7774,-24.7375,1.2636
07,1,4,white,green,0,95.9006,-6.524,17.8945,0.31542,-0.3592,0.50341,-0.53981,-0.044627,-0.66309,-0.30658,-0.041491,46.658,-60.5949,4.2051,0.0026488,0.030171,0.035234,0.016789,0.014836,0.016705,0.0078759,89.4729,-33.0619,1.6677
07,2,4,white,green,0,93.6459,-6.4803,18.7662,0.31542,-0.3592,0.50341,-0.53981,-0.044627,-0.66309,-0.30658,-0.041491,46.658,-60.5949,4.2051,0.0026488,0.030171,0.035234,0.016789,0.014836,0.016705,0.0078759,89.4729,-33.0619,1.6677
07,3,4,white,green,0,94.677,-4.9738,18.3718,0.31542,-0.3592,0.50341,-0.53981,-0.044627,-0.66309,-0.30658,-0.041491,46.658,-60.5949,4.2051,0.0026488,0.030171,0.035234,0.016789,0.014836,0.016705,0.0078759,89.4729,-33.0619,1.6677
07,4,4,white,green,0,95.0237,-6.2392,18.2277,0.31542,-0.3592,0.50341,-0.53981,-0.044627,-0.66309,-0.30658,-0.041491,46.658,-60.5949,4.2051,0.0026488,0.030171,0.035234,0.016789,0.014836,0.016705,0.0078759,89.4729,-33.0619,1.6677
07,5,4,white,green,0,95.6696,-5.6011,17.9883,0.31542,-0.3592,0.50341,-0.53981,-0.044627,-0.66309,-0.30658,-0.041491,46.658,-60.5949,4.2051,0.0026488,0.030171,0.035234,0.016789,0.014836,0.016705,0.0078759,89.4729,-33.0619,1.6677
07,6,4,white,green,0,92.4301,-6.0069,18.7111,0.31542,-0.3592,0.50341,-0.53981,-0.044627,-0.66309,-0.30658,-0.041491,46.658,-60.5949,4.2051,0.0026488,0.030171,0.035234,0.016789,0.014836,0.016705,0.0078759,89.4729,-33.0619,1.6677
07,7,4,white,green,0,94.7925,-7.4967,18.3061,0.31542,-0.3592,0.50341,-0.53981,-0.044627,-0.66309,-0.30658,-0.041491,46.658,-60.5949,4.2051,0.0026488,0.030171,0.035234,0.016789,0.014836,0.016705,0.0078759,89.4729,-33.0619,1.6677
07,8,4,white,green,0,99.9116,-5.8814,16.5054,0.31542,-0.3592,0.50341,-0.53981,-0.044627,-0.66309,-0.30658,-0.041491,46.658,-60.5949,4.2051,0.0026488,0.030171,0.035234,0.016789,0.014836,0.016705,0.0078759,89.4729,-33.0619,1.6677
07,9,4,white,green,0,93.7855,-6.6767,18.7086,0.31542,-0.3592,0.50341,-0.53981,-0.044627,-0.66309,-0.30658,-0.041491,46.658,-60.5949,4.2051,0.0026488,0.030171,0.035234,0.016789,0.014836,0.016705,0.0078759,89.4729,-33.0619,1.6677
07,10,4,white,green,0,93.7712,-8.1496,18.702,0.31542,-0.3592,0.50341,-0.53981,-0.044627,-0.66309,-0.30658,-0.041491,46.658,-60.5949,4.2051,0.0026488,0.030171,0.035234,0.016789,0.014836,0.016705,0.0078759,89.4729,-33.0619,1.6677
